id,indicator_id,measure1_id,measure2_id,unit_id,obs_val,date,periodicity
7941238,55,,35,6,19385221.0,2025-05-01T00:00:00,month
7941239,55,,36,6,19382508.0,2025-05-01T00:00:00,month
7941262,55,,35,6,12541415.0,2022-07-01T00:00:00,month
7941263,55,,36,6,12535140.0,2022-07-01T00:00:00,month
7941413,55,,36,6,2498806.0,2014-01-01T00:00:00,month
7941414,55,,35,6,2610796.0,2014-01-01T00:00:00,month
7941542,55,,35,6,4359816.0,2016-11-01T00:00:00,month
7941543,55,,36,6,4279557.0,2016-11-01T00:00:00,month
7941703,55,,36,6,7246213.0,2019-09-01T00:00:00,month
7941704,55,,35,6,7271158.0,2019-09-01T00:00:00,month
7941064,55,,35,6,18481116.0,2024-04-01T00:00:00,month
7941065,55,,36,6,18475259.0,2024-04-01T00:00:00,month
7941521,55,,35,6,3744662.0,2015-10-01T00:00:00,month
7941522,55,,36,6,3615482.0,2015-10-01T00:00:00,month
7941687,55,,36,6,5856825.0,2018-08-01T00:00:00,month
7941688,55,,35,6,5893977.0,2018-08-01T00:00:00,month
7940963,55,,35,6,10329535.0,2021-06-01T00:00:00,month
7940964,55,,36,6,10315610.0,2021-06-01T00:00:00,month
7941246,55,,35,6,21198411.0,2026-03-01T00:00:00,month
7941247,55,,36,6,21196239.0,2026-03-01T00:00:00,month
7941280,55,,35,6,19568798.0,2025-08-01T00:00:00,month
7941281,55,,36,6,19566187.0,2025-08-01T00:00:00,month
7941282,55,,36,6,19915864.0,2025-10-01T00:00:00,month
7941283,55,,35,6,19918447.0,2025-10-01T00:00:00,month
7941417,55,,35,6,2986784.0,2014-06-01T00:00:00,month
7941418,55,,36,6,2881424.0,2014-06-01T00:00:00,month
7941532,55,,36,6,13065686.0,2022-10-01T00:00:00,month
7941533,55,,35,6,13071690.0,2022-10-01T00:00:00,month
7941544,55,,35,6,4552895.0,2017-04-01T00:00:00,month
7941545,55,,36,6,4495622.0,2017-04-01T00:00:00,month
7941266,55,,35,6,14159421.0,2023-03-01T00:00:00,month
7941267,55,,36,6,14152528.0,2023-03-01T00:00:00,month
7941276,55,,36,6,19345539.0,2024-09-01T00:00:00,month
7941277,55,,35,6,19350209.0,2024-09-01T00:00:00,month
7941377,55,,35,6,2165642.0,2013-05-01T00:00:00,month
7941378,55,,36,6,2046601.0,2013-05-01T00:00:00,month
7941411,55,,36,6,2230249.0,2013-08-01T00:00:00,month
7941412,55,,35,6,2350560.0,2013-08-01T00:00:00,month
7941639,55,,36,6,4635531.0,2017-07-01T00:00:00,month
7941640,55,,35,6,4690108.0,2017-07-01T00:00:00,month
7941699,55,,36,6,6320675.0,2019-01-01T00:00:00,month
7941700,55,,35,6,6354239.0,2019-01-01T00:00:00,month
7941062,55,,35,6,17331207.0,2023-11-01T00:00:00,month
7941063,55,,36,6,17324578.0,2023-11-01T00:00:00,month
7941234,55,,36,6,19051502.0,2025-02-01T00:00:00,month
7941235,55,,35,6,19054965.0,2025-02-01T00:00:00,month
7941385,55,,36,6,2713948.0,2014-04-01T00:00:00,month
7941386,55,,35,6,2826235.0,2014-04-01T00:00:00,month
7941560,55,,36,6,9206878.0,2021-01-01T00:00:00,month
7941561,55,,35,6,9223204.0,2021-01-01T00:00:00,month
7941667,55,,35,6,3624820.0,2015-07-01T00:00:00,month
7941668,55,,36,6,3509095.0,2015-07-01T00:00:00,month
7940951,55,,35,6,17871775.0,2024-01-01T00:00:00,month
7940952,55,,36,6,17865556.0,2024-01-01T00:00:00,month
7941058,55,,35,6,14773477.0,2023-05-01T00:00:00,month
7941059,55,,36,6,14766337.0,2023-05-01T00:00:00,month
7941363,55,,35,6,3430205.0,2014-12-01T00:00:00,month
7941364,55,,36,6,3301560.0,2014-12-01T00:00:00,month
7941536,55,,36,6,18849899.0,2024-06-01T00:00:00,month
7941537,55,,35,6,18854825.0,2024-06-01T00:00:00,month
7941564,55,,35,6,4076868.0,2016-03-01T00:00:00,month
7941565,55,,36,6,3948820.0,2016-03-01T00:00:00,month
7941655,55,,36,6,7986745.0,2020-05-01T00:00:00,month
7941656,55,,35,6,8009746.0,2020-05-01T00:00:00,month
7940955,55,,35,6,19331658.0,2024-07-01T00:00:00,month
7940956,55,,36,6,19327052.0,2024-07-01T00:00:00,month
7941072,55,,35,6,21820268.0,2026-08-01T00:00:00,month
7941073,55,,36,6,21818309.0,2026-08-01T00:00:00,month
7941383,55,,36,6,2636117.0,2014-03-01T00:00:00,month
7941384,55,,35,6,2754185.0,2014-03-01T00:00:00,month
7941629,55,,36,6,3542328.0,2015-08-01T00:00:00,month
7941630,55,,35,6,3661723.0,2015-08-01T00:00:00,month
7941645,55,,36,6,5623649.0,2018-06-01T00:00:00,month
7941646,55,,35,6,5663320.0,2018-06-01T00:00:00,month
7941651,55,,36,6,7348775.0,2019-11-01T00:00:00,month
7941652,55,,35,6,7370859.0,2019-11-01T00:00:00,month
7940971,55,,36,6,12433132.0,2022-05-01T00:00:00,month
7940972,55,,35,6,12446439.0,2022-05-01T00:00:00,month
7941256,55,,35,6,10836455.0,2021-08-01T00:00:00,month
7941257,55,,36,6,10823321.0,2021-08-01T00:00:00,month
7941278,55,,35,6,19040352.0,2024-11-01T00:00:00,month
7941279,55,,36,6,19035646.0,2024-11-01T00:00:00,month
7941381,55,,35,6,2474533.0,2013-11-01T00:00:00,month
7941382,55,,36,6,2360275.0,2013-11-01T00:00:00,month
7941539,55,,35,6,3820248.0,2015-12-01T00:00:00,month
7941566,55,,36,6,4195742.0,2016-09-01T00:00:00,month
7941567,55,,35,6,4284824.0,2016-09-01T00:00:00,month
7941733,55,,36,6,3698044.0,2015-12-01T00:00:00,month
7940953,55,,35,6,18119576.0,2024-02-01T00:00:00,month
7940954,55,,36,6,18113699.0,2024-02-01T00:00:00,month
7941236,55,,35,6,19256110.0,2025-04-01T00:00:00,month
7941237,55,,36,6,19253173.0,2025-04-01T00:00:00,month
7941570,55,,35,6,4407234.0,2016-12-01T00:00:00,month
7941571,55,,36,6,4327819.0,2016-12-01T00:00:00,month
7941713,55,,35,6,9562884.0,2021-03-01T00:00:00,month
7941714,55,,36,6,9547325.0,2021-03-01T00:00:00,month
7940961,55,,35,6,19555719.0,2025-06-01T00:00:00,month
7940962,55,,36,6,19553139.0,2025-06-01T00:00:00,month
7941028,55,,36,6,3453253.0,2015-05-01T00:00:00,month
7941029,55,,35,6,3567794.0,2015-05-01T00:00:00,month
7941268,55,,36,6,16286683.0,2023-09-01T00:00:00,month
7941269,55,,35,6,16294049.0,2023-09-01T00:00:00,month
7941627,55,,36,6,3430033.0,2015-03-01T00:00:00,month
7941628,55,,35,6,3573810.0,2015-03-01T00:00:00,month
7941637,55,,36,6,4405718.0,2017-02-01T00:00:00,month
7941638,55,,35,6,4470920.0,2017-02-01T00:00:00,month
7941661,55,,35,6,3145321.0,2014-08-01T00:00:00,month
7941662,55,,36,6,3040955.0,2014-08-01T00:00:00,month
7940947,55,,35,6,15488387.0,2023-07-01T00:00:00,month
7940948,55,,36,6,15481232.0,2023-07-01T00:00:00,month
7940977,55,,36,6,13449804.0,2022-12-01T00:00:00,month
7940978,55,,35,6,13455875.0,2022-12-01T00:00:00,month
7941242,55,,35,6,20148617.0,2025-11-01T00:00:00,month
7941243,55,,36,6,20146144.0,2025-11-01T00:00:00,month
7941540,55,,36,6,4028631.0,2016-05-01T00:00:00,month
7941541,55,,35,6,4129127.0,2016-05-01T00:00:00,month
7940945,55,,35,6,13913359.0,2023-02-01T00:00:00,month
7940946,55,,36,6,13906824.0,2023-02-01T00:00:00,month
7940967,55,,35,6,11396488.0,2021-12-01T00:00:00,month
7940968,55,,36,6,11384199.0,2021-12-01T00:00:00,month
7941244,55,,36,6,20660617.0,2026-01-01T00:00:00,month
7941245,55,,35,6,20662871.0,2026-01-01T00:00:00,month
7941515,55,,36,6,2104309.0,2013-06-01T00:00:00,month
7941516,55,,35,6,2222283.0,2013-06-01T00:00:00,month
7941683,55,,35,6,4822605.0,2017-09-01T00:00:00,month
7941684,55,,36,6,4770803.0,2017-09-01T00:00:00,month
7941697,55,,35,6,6194426.0,2018-11-01T00:00:00,month
7941698,55,,36,6,6160143.0,2018-11-01T00:00:00,month
7941719,55,,35,6,11182625.0,2021-10-01T00:00:00,month
7941720,55,,36,6,11169881.0,2021-10-01T00:00:00,month
7941447,55,,35,6,5220325.0,2018-02-01T00:00:00,month
7941528,55,,35,6,10069788.0,2021-05-01T00:00:00,month
7941529,55,,36,6,10055438.0,2021-05-01T00:00:00,month
7941576,55,,36,6,5179720.0,2018-02-01T00:00:00,month
7941709,55,,35,6,7822580.0,2020-03-01T00:00:00,month
7941710,55,,36,6,7800357.0,2020-03-01T00:00:00,month
7941076,55,,36,6,7047904.0,2019-06-01T00:00:00,month
7941077,55,,35,6,7075065.0,2019-06-01T00:00:00,month
7941524,55,,35,6,7577228.0,2020-01-01T00:00:00,month
7941525,55,,36,6,7555645.0,2020-01-01T00:00:00,month
7941558,55,,36,6,8399283.0,2020-08-01T00:00:00,month
7941559,55,,35,6,8420328.0,2020-08-01T00:00:00,month
7941270,55,,36,6,17626304.0,2023-12-01T00:00:00,month
7941271,55,,35,6,17632576.0,2023-12-01T00:00:00,month
7941448,55,,35,6,5424936.0,2018-04-01T00:00:00,month
7941449,55,,36,6,5386186.0,2018-04-01T00:00:00,month
7941562,55,,36,6,9356305.0,2021-02-01T00:00:00,month
7941563,55,,35,6,9372887.0,2021-02-01T00:00:00,month
7941030,55,,36,6,3486654.0,2015-06-01T00:00:00,month
7941031,55,,35,6,3599595.0,2015-06-01T00:00:00,month
7941119,55,,36,6,2279620.0,2013-09-01T00:00:00,month
7941120,55,,35,6,2400136.0,2013-09-01T00:00:00,month
7941649,55,,35,6,6963168.0,2019-05-01T00:00:00,month
7941650,55,,36,6,6935296.0,2019-05-01T00:00:00,month
7941675,55,,35,6,4204529.0,2016-07-01T00:00:00,month
7941676,55,,36,6,4110353.0,2016-07-01T00:00:00,month
7941721,55,,35,6,12191134.0,2022-03-01T00:00:00,month
7941722,55,,36,6,12174311.0,2022-03-01T00:00:00,month
7940959,55,,35,6,19039922.0,2025-01-01T00:00:00,month
7940960,55,,36,6,19036273.0,2025-01-01T00:00:00,month
7941227,55,,35,6,2108566.0,2013-04-01T00:00:00,month
7941233,55,,36,6,19299370.0,2024-08-01T00:00:00,month
7941284,55,,35,6,21048360.0,2026-02-01T00:00:00,month
7941285,55,,36,6,21046199.0,2026-02-01T00:00:00,month
7941376,55,,36,6,1989236.0,2013-04-01T00:00:00,month
7941523,55,,36,6,3169971.0,2014-10-01T00:00:00,month
7941526,55,,35,6,8119132.0,2020-06-01T00:00:00,month
7941527,55,,36,6,8097520.0,2020-06-01T00:00:00,month
7941538,55,,35,6,19303924.0,2024-08-01T00:00:00,month
7941626,55,,35,6,3278612.0,2014-10-01T00:00:00,month
7941647,55,,35,6,6333468.0,2018-12-01T00:00:00,month
7941648,55,,36,6,6299762.0,2018-12-01T00:00:00,month
7941552,55,,35,6,7170724.0,2019-08-01T00:00:00,month
7941553,55,,36,6,7146072.0,2019-08-01T00:00:00,month
7941568,55,,36,6,4233739.0,2016-10-01T00:00:00,month
7941569,55,,35,6,4317338.0,2016-10-01T00:00:00,month
7941631,55,,36,6,3577146.0,2015-09-01T00:00:00,month
7941632,55,,35,6,3709634.0,2015-09-01T00:00:00,month
7941705,55,,36,6,7319817.0,2019-10-01T00:00:00,month
7941706,55,,35,6,7342977.0,2019-10-01T00:00:00,month
7941723,55,,35,6,12746875.0,2022-08-01T00:00:00,month
7941724,55,,36,6,12739896.0,2022-08-01T00:00:00,month
7941274,55,,35,6,18642490.0,2024-05-01T00:00:00,month
7941275,55,,36,6,18636750.0,2024-05-01T00:00:00,month
7941550,55,,35,6,6011213.0,2018-09-01T00:00:00,month
7941551,55,,36,6,5971943.0,2018-09-01T00:00:00,month
7941659,55,,36,6,2428127.0,2013-12-01T00:00:00,month
7941660,55,,35,6,2544217.0,2013-12-01T00:00:00,month
7941679,55,,35,6,4500906.0,2017-03-01T00:00:00,month
7941680,55,,36,6,4439904.0,2017-03-01T00:00:00,month
7940975,55,,36,6,13265551.0,2022-11-01T00:00:00,month
7940976,55,,35,6,13271768.0,2022-11-01T00:00:00,month
7941250,55,,36,6,21425607.0,2026-05-01T00:00:00,month
7941251,55,,35,6,21427653.0,2026-05-01T00:00:00,month
7941572,55,,36,6,4571342.0,2017-06-01T00:00:00,month
7941573,55,,35,6,4625285.0,2017-06-01T00:00:00,month
7941643,55,,36,6,5092747.0,2018-01-01T00:00:00,month
7941644,55,,35,6,5135276.0,2018-01-01T00:00:00,month
7941685,55,,36,6,4895756.0,2017-11-01T00:00:00,month
7941686,55,,35,6,4942059.0,2017-11-01T00:00:00,month
7941711,55,,36,6,9081044.0,2020-11-01T00:00:00,month
7941712,55,,35,6,9100034.0,2020-11-01T00:00:00,month
7941026,55,,35,6,3480019.0,2015-01-01T00:00:00,month
7941027,55,,36,6,3343528.0,2015-01-01T00:00:00,month
7941057,55,,36,6,14453482.0,2023-04-01T00:00:00,month
7941633,55,,36,6,3864039.0,2016-02-01T00:00:00,month
7941634,55,,35,6,3997515.0,2016-02-01T00:00:00,month
7941653,55,,36,6,7928432.0,2020-04-01T00:00:00,month
7941654,55,,35,6,7953240.0,2020-04-01T00:00:00,month
7941691,55,,36,6,6602080.0,2019-02-01T00:00:00,month
7941692,55,,35,6,6634021.0,2019-02-01T00:00:00,month
7940979,55,,35,6,14460408.0,2023-04-01T00:00:00,month
7941070,55,,35,6,19755260.0,2025-09-01T00:00:00,month
7941071,55,,36,6,19752718.0,2025-09-01T00:00:00,month
7941517,55,,36,6,2799781.0,2014-05-01T00:00:00,month
7941518,55,,35,6,2910151.0,2014-05-01T00:00:00,month
7941681,55,,36,6,4553232.0,2017-05-01T00:00:00,month
7941682,55,,35,6,4609489.0,2017-05-01T00:00:00,month
7941695,55,,36,6,5740449.0,2018-07-01T00:00:00,month
7941696,55,,35,6,5778872.0,2018-07-01T00:00:00,month
7940965,55,,35,6,10604623.0,2021-07-01T00:00:00,month
7940966,55,,36,6,10591318.0,2021-07-01T00:00:00,month
7941060,55,,35,6,16887222.0,2023-10-01T00:00:00,month
7941061,55,,36,6,16879881.0,2023-10-01T00:00:00,month
7941068,55,,36,6,19160937.0,2025-03-01T00:00:00,month
7941069,55,,35,6,19164041.0,2025-03-01T00:00:00,month
7941254,55,,36,6,9094068.0,2020-12-01T00:00:00,month
7941255,55,,35,6,9111665.0,2020-12-01T00:00:00,month
7941677,55,,36,6,4370629.0,2017-01-01T00:00:00,month
7941678,55,,35,6,4441860.0,2017-01-01T00:00:00,month
7941078,55,,36,6,7119062.0,2019-07-01T00:00:00,month
7941079,55,,35,6,7144585.0,2019-07-01T00:00:00,month
7941407,55,,36,6,1891046.0,2013-02-01T00:00:00,month
7941408,55,,35,6,2011174.0,2013-02-01T00:00:00,month
7941689,55,,35,6,6112738.0,2018-10-01T00:00:00,month
7941690,55,,36,6,6076621.0,2018-10-01T00:00:00,month
7941701,55,,35,6,6750989.0,2019-03-01T00:00:00,month
7941702,55,,36,6,6720378.0,2019-03-01T00:00:00,month
7941715,55,,35,6,9795539.0,2021-04-01T00:00:00,month
7941716,55,,36,6,9780280.0,2021-04-01T00:00:00,month
7940969,55,,35,6,11682914.0,2022-01-01T00:00:00,month
7940970,55,,36,6,11667408.0,2022-01-01T00:00:00,month
7941519,55,,35,6,3348264.0,2014-11-01T00:00:00,month
7941520,55,,36,6,3231125.0,2014-11-01T00:00:00,month
7941546,55,,36,6,4845257.0,2017-10-01T00:00:00,month
7941547,55,,35,6,4895373.0,2017-10-01T00:00:00,month
7941556,55,,36,6,8201007.0,2020-07-01T00:00:00,month
7941557,55,,35,6,8222012.0,2020-07-01T00:00:00,month
7941671,55,,36,6,3996794.0,2016-04-01T00:00:00,month
7941672,55,,35,6,4108768.0,2016-04-01T00:00:00,month
7941717,55,,35,6,11012639.0,2021-09-01T00:00:00,month
7941718,55,,36,6,10999771.0,2021-09-01T00:00:00,month
7941240,55,,36,6,19583033.0,2025-07-01T00:00:00,month
7941241,55,,35,6,19585579.0,2025-07-01T00:00:00,month
7941260,55,,35,6,12460950.0,2022-04-01T00:00:00,month
7941261,55,,36,6,12444861.0,2022-04-01T00:00:00,month
7941419,55,,35,6,3049418.0,2014-07-01T00:00:00,month
7941420,55,,36,6,2949114.0,2014-07-01T00:00:00,month
7941534,55,,35,6,15157121.0,2023-06-01T00:00:00,month
7941535,55,,36,6,15150363.0,2023-06-01T00:00:00,month
7941635,55,,35,6,4247727.0,2016-08-01T00:00:00,month
7941636,55,,36,6,4152487.0,2016-08-01T00:00:00,month
7941669,55,,36,6,3800536.0,2016-01-01T00:00:00,month
7941670,55,,35,6,3931620.0,2016-01-01T00:00:00,month
7941248,55,,36,6,20371111.0,2025-12-01T00:00:00,month
7941249,55,,35,6,20373413.0,2025-12-01T00:00:00,month
7941264,55,,36,6,13733040.0,2023-01-01T00:00:00,month
7941265,55,,35,6,13739729.0,2023-01-01T00:00:00,month
7941387,55,,36,6,3101553.0,2014-09-01T00:00:00,month
7941388,55,,35,6,3206125.0,2014-09-01T00:00:00,month
7941409,55,,36,6,2162522.0,2013-07-01T00:00:00,month
7941410,55,,35,6,2283527.0,2013-07-01T00:00:00,month
7941530,55,,36,6,11380231.0,2021-11-01T00:00:00,month
7941531,55,,35,6,11392278.0,2021-11-01T00:00:00,month
7941574,55,,35,6,4754963.0,2017-08-01T00:00:00,month
7941575,55,,36,6,4700943.0,2017-08-01T00:00:00,month
7941290,55,,35,6,21652996.0,2026-07-01T00:00:00,month
7941291,55,,36,6,21650963.0,2026-07-01T00:00:00,month
7941415,55,,36,6,2562798.0,2014-02-01T00:00:00,month
7941416,55,,35,6,2681731.0,2014-02-01T00:00:00,month
7941548,55,,36,6,5275171.0,2018-03-01T00:00:00,month
7941549,55,,35,6,5313895.0,2018-03-01T00:00:00,month
7941693,55,,35,6,5540453.0,2018-05-01T00:00:00,month
7941694,55,,36,6,5499764.0,2018-05-01T00:00:00,month
7940973,55,,36,6,12471343.0,2022-06-01T00:00:00,month
7940974,55,,35,6,12482678.0,2022-06-01T00:00:00,month
7941066,55,,36,6,19218009.0,2024-10-01T00:00:00,month
7941067,55,,35,6,19222649.0,2024-10-01T00:00:00,month
7941272,55,,36,6,18238649.0,2024-03-01T00:00:00,month
7941273,55,,35,6,18244612.0,2024-03-01T00:00:00,month
7941665,55,,35,6,3575640.0,2015-04-01T00:00:00,month
7941666,55,,36,6,3440312.0,2015-04-01T00:00:00,month
7941673,55,,35,6,4173005.0,2016-06-01T00:00:00,month
7941674,55,,36,6,4072911.0,2016-06-01T00:00:00,month
7941732,55,,35,6,3781083.0,2015-11-01T00:00:00,month
7940949,55,,35,6,15731699.0,2023-08-01T00:00:00,month
7940950,55,,36,6,15724554.0,2023-08-01T00:00:00,month
7941032,55,,36,6,3658929.0,2015-11-01T00:00:00,month
7941074,55,,35,6,6855970.0,2019-04-01T00:00:00,month
7941075,55,,36,6,6827003.0,2019-04-01T00:00:00,month
7941288,55,,35,6,21535789.0,2026-06-01T00:00:00,month
7941289,55,,36,6,21533874.0,2026-06-01T00:00:00,month
7941657,55,,36,6,8804136.0,2020-10-01T00:00:00,month
7941658,55,,35,6,8823785.0,2020-10-01T00:00:00,month
7941663,55,,36,6,3392153.0,2015-02-01T00:00:00,month
7941664,55,,35,6,3557108.0,2015-02-01T00:00:00,month
7940957,55,,35,6,19024335.0,2024-12-01T00:00:00,month
7940958,55,,36,6,19019393.0,2024-12-01T00:00:00,month
7941117,55,,35,6,2060101.0,2013-03-01T00:00:00,month
7941118,55,,36,6,1940559.0,2013-03-01T00:00:00,month
7941258,55,,36,6,11885244.0,2022-02-01T00:00:00,month
7941259,55,,35,6,11901355.0,2022-02-01T00:00:00,month
7941286,55,,36,6,21286010.0,2026-04-01T00:00:00,month
7941287,55,,35,6,21288243.0,2026-04-01T00:00:00,month
7941379,55,,35,6,2399886.0,2013-10-01T00:00:00,month
7941380,55,,36,6,2284117.0,2013-10-01T00:00:00,month
7941641,55,,36,6,4997070.0,2017-12-01T00:00:00,month
7941642,55,,35,6,5042608.0,2017-12-01T00:00:00,month
7941725,55,,35,6,12844287.0,2022-09-01T00:00:00,month
7940944,55,,36,6,12837634.0,2022-09-01T00:00:00,month
7941252,55,,36,6,8593902.0,2020-09-01T00:00:00,month
7941253,55,,35,6,8612776.0,2020-09-01T00:00:00,month
7941554,55,,36,6,7669637.0,2020-02-01T00:00:00,month
7941555,55,,35,6,7691114.0,2020-02-01T00:00:00,month
7941707,55,,35,6,7495081.0,2019-12-01T00:00:00,month
7941708,55,,36,6,7473135.0,2019-12-01T00:00:00,month
