category_id,category_name,indicator_id,indicator_parent,indicator_name,link,begin_dt,end_dt
5,Денежно-кредитная статистика-Структура денежной массы,5,-1,Денежный агрегат М0,/statistics/macro_itm/dkfs/#a_128613file,1992,2026
5,Денежно-кредитная статистика-Структура денежной массы,6,-1,Денежный агрегат М1,/statistics/macro_itm/dkfs/#a_128613file,1992,2026
5,Денежно-кредитная статистика-Структура денежной массы,7,-1,Денежный агрегат М2,/statistics/macro_itm/dkfs/#a_128613file,1992,2026
5,Денежно-кредитная статистика-Структура денежной массы,8,-1,Широкая денежная масса,/statistics/macro_itm/dkfs/#a_128613file,1992,2026
25,Мониторинг предприятий-Данные мониторинга всего,66,-1,Водоснабжение,/dkp/mp/,2002,2026
25,Мониторинг предприятий-Данные мониторинга всего,60,-1,Добыча,/dkp/mp/,2002,2026
25,Мониторинг предприятий-Данные мониторинга всего,75,-1,Загрузка производственных мощностей,/dkp/mp/,2002,2026
25,Мониторинг предприятий-Данные мониторинга всего,76,-1,Инвестиционная активность,/dkp/mp/,2002,2026
25,Мониторинг предприятий-Данные мониторинга всего,78,-1,Обеспеченность персоналом,/dkp/mp/,2020,2026
25,Мониторинг предприятий-Данные мониторинга всего,61,-1,Обработка,/dkp/mp/,2002,2026
25,Мониторинг предприятий-Данные мониторинга всего,63,-1,Обработка (инвестиционные товары),/dkp/mp/,2002,2026
25,Мониторинг предприятий-Данные мониторинга всего,62,-1,Обработка (потребительские товары),/dkp/mp/,2002,2026
25,Мониторинг предприятий-Данные мониторинга всего,64,-1,Обработка (промежуточные товары),/dkp/mp/,2002,2026
25,Мониторинг предприятий-Данные мониторинга всего,77,-1,Ожидания изменения инвестиционной активности,/dkp/mp/,2020,2026
25,Мониторинг предприятий-Данные мониторинга всего,140,-1,Ожидания изменения расходов на оплату труда,/dkp/mp/,2025,2026
25,Мониторинг предприятий-Данные мониторинга всего,79,-1,Ожидания изменения численности,/dkp/mp/,2002,2026
25,Мониторинг предприятий-Данные мониторинга всего,59,-1,Промышленность,/dkp/mp/,2002,2026
25,Мониторинг предприятий-Данные мониторинга всего,67,-1,Сельское хозяйство,/dkp/mp/,2002,2026
25,Мониторинг предприятий-Данные мониторинга всего,68,-1,Строительство,/dkp/mp/,2002,2026
25,Мониторинг предприятий-Данные мониторинга всего,69,-1,Торговля всего,/dkp/mp/,2002,2026
25,Мониторинг предприятий-Данные мониторинга всего,70,69,Торговля всего-Автотранспорт,/dkp/mp/,2002,2026
25,Мониторинг предприятий-Данные мониторинга всего,71,69,Торговля всего-Оптовая,/dkp/mp/,2002,2026
25,Мониторинг предприятий-Данные мониторинга всего,72,69,Торговля всего-Розничная,/dkp/mp/,2002,2026
25,Мониторинг предприятий-Данные мониторинга всего,73,-1,Транспортировка и хранение,/dkp/mp/,2002,2026
25,Мониторинг предприятий-Данные мониторинга всего,74,-1,Услуги,/dkp/mp/,2002,2026
25,Мониторинг предприятий-Данные мониторинга всего,58,-1,Экономика всего,/dkp/mp/,2002,2026
25,Мониторинг предприятий-Данные мониторинга всего,65,-1,ЭЭГП,/dkp/mp/,2002,2026
28,Мониторинг предприятий-Данные мониторинга по группам предприятий-Крупные,86,-1,Добыча,/dkp/mp/,2002,2026
28,Мониторинг предприятий-Данные мониторинга по группам предприятий-Крупные,107,-1,Загрузка производственных мощностей,/dkp/mp/,2002,2026
28,Мониторинг предприятий-Данные мониторинга по группам предприятий-Крупные,110,-1,Инвестиционная активность,/dkp/mp/,2002,2026
28,Мониторинг предприятий-Данные мониторинга по группам предприятий-Крупные,116,-1,Обеспеченность персоналом,/dkp/mp/,2020,2026
28,Мониторинг предприятий-Данные мониторинга по группам предприятий-Крупные,89,-1,Обработка,/dkp/mp/,2002,2026
28,Мониторинг предприятий-Данные мониторинга по группам предприятий-Крупные,113,-1,Ожидания изменения инвестиционной активности,/dkp/mp/,2020,2026
28,Мониторинг предприятий-Данные мониторинга по группам предприятий-Крупные,119,-1,Ожидания изменения численности,/dkp/mp/,2002,2026
28,Мониторинг предприятий-Данные мониторинга по группам предприятий-Крупные,83,-1,Промышленность,/dkp/mp/,2002,2026
28,Мониторинг предприятий-Данные мониторинга по группам предприятий-Крупные,92,-1,Сельское хозяйство,/dkp/mp/,2002,2026
28,Мониторинг предприятий-Данные мониторинга по группам предприятий-Крупные,95,-1,Строительство,/dkp/mp/,2002,2026
28,Мониторинг предприятий-Данные мониторинга по группам предприятий-Крупные,98,-1,Торговля всего,/dkp/mp/,2002,2026
28,Мониторинг предприятий-Данные мониторинга по группам предприятий-Крупные,101,-1,Транспортировка и хранение,/dkp/mp/,2002,2026
28,Мониторинг предприятий-Данные мониторинга по группам предприятий-Крупные,104,-1,Услуги,/dkp/mp/,2002,2026
28,Мониторинг предприятий-Данные мониторинга по группам предприятий-Крупные,80,-1,Экономика всего,/dkp/mp/,2002,2026
30,Мониторинг предприятий-Данные мониторинга по группам предприятий-Малые и микро,88,-1,Добыча,/dkp/mp/,2002,2026
30,Мониторинг предприятий-Данные мониторинга по группам предприятий-Малые и микро,109,-1,Загрузка производственных мощностей,/dkp/mp/,2002,2026
30,Мониторинг предприятий-Данные мониторинга по группам предприятий-Малые и микро,112,-1,Инвестиционная активность,/dkp/mp/,2002,2026
30,Мониторинг предприятий-Данные мониторинга по группам предприятий-Малые и микро,118,-1,Обеспеченность персоналом,/dkp/mp/,2020,2026
30,Мониторинг предприятий-Данные мониторинга по группам предприятий-Малые и микро,91,-1,Обработка,/dkp/mp/,2002,2026
30,Мониторинг предприятий-Данные мониторинга по группам предприятий-Малые и микро,115,-1,Ожидания изменения инвестиционной активности,/dkp/mp/,2020,2026
30,Мониторинг предприятий-Данные мониторинга по группам предприятий-Малые и микро,121,-1,Ожидания изменения численности,/dkp/mp/,2002,2026
30,Мониторинг предприятий-Данные мониторинга по группам предприятий-Малые и микро,85,-1,Промышленность,/dkp/mp/,2002,2026
30,Мониторинг предприятий-Данные мониторинга по группам предприятий-Малые и микро,94,-1,Сельское хозяйство,/dkp/mp/,2002,2026
30,Мониторинг предприятий-Данные мониторинга по группам предприятий-Малые и микро,97,-1,Строительство,/dkp/mp/,2002,2026
30,Мониторинг предприятий-Данные мониторинга по группам предприятий-Малые и микро,100,-1,Торговля всего,/dkp/mp/,2002,2026
30,Мониторинг предприятий-Данные мониторинга по группам предприятий-Малые и микро,103,-1,Транспортировка и хранение,/dkp/mp/,2002,2026
30,Мониторинг предприятий-Данные мониторинга по группам предприятий-Малые и микро,106,-1,Услуги,/dkp/mp/,2002,2026
30,Мониторинг предприятий-Данные мониторинга по группам предприятий-Малые и микро,82,-1,Экономика всего,/dkp/mp/,2002,2026
29,Мониторинг предприятий-Данные мониторинга по группам предприятий-Средние,87,-1,Добыча,/dkp/mp/,2002,2026
29,Мониторинг предприятий-Данные мониторинга по группам предприятий-Средние,108,-1,Загрузка производственных мощностей,/dkp/mp/,2002,2026
29,Мониторинг предприятий-Данные мониторинга по группам предприятий-Средние,111,-1,Инвестиционная активность,/dkp/mp/,2002,2026
29,Мониторинг предприятий-Данные мониторинга по группам предприятий-Средние,117,-1,Обеспеченность персоналом,/dkp/mp/,2020,2026
29,Мониторинг предприятий-Данные мониторинга по группам предприятий-Средние,90,-1,Обработка,/dkp/mp/,2002,2026
29,Мониторинг предприятий-Данные мониторинга по группам предприятий-Средние,114,-1,Ожидания изменения инвестиционной активности,/dkp/mp/,2020,2026
29,Мониторинг предприятий-Данные мониторинга по группам предприятий-Средние,120,-1,Ожидания изменения численности,/dkp/mp/,2002,2026
29,Мониторинг предприятий-Данные мониторинга по группам предприятий-Средние,84,-1,Промышленность,/dkp/mp/,2002,2026
29,Мониторинг предприятий-Данные мониторинга по группам предприятий-Средние,93,-1,Сельское хозяйство,/dkp/mp/,2002,2026
29,Мониторинг предприятий-Данные мониторинга по группам предприятий-Средние,96,-1,Строительство,/dkp/mp/,2002,2026
29,Мониторинг предприятий-Данные мониторинга по группам предприятий-Средние,99,-1,Торговля всего,/dkp/mp/,2002,2026
29,Мониторинг предприятий-Данные мониторинга по группам предприятий-Средние,102,-1,Транспортировка и хранение,/dkp/mp/,2002,2026
29,Мониторинг предприятий-Данные мониторинга по группам предприятий-Средние,105,-1,Услуги,/dkp/mp/,2002,2026
29,Мониторинг предприятий-Данные мониторинга по группам предприятий-Средние,81,-1,Экономика всего,/dkp/mp/,2002,2026
26,Мониторинг предприятий-Участники опроса,57,-1,Число участников опроса Банка России,/dkp/mp/,2019,2026
36,Статистика внешнего сектора-Основные производные показатели динамики обменного курса рубля-Индексы обменного курса рубля (ежеквартальные данные),135,-1,Индекс номинального курса,/statistics/macro_itm/external_sector/er/,2005,2026
36,Статистика внешнего сектора-Основные производные показатели динамики обменного курса рубля-Индексы обменного курса рубля (ежеквартальные данные),136,-1,Индекс номинального эффективного курса рубля к иностранным валютам,/statistics/macro_itm/external_sector/er/,2005,2026
36,Статистика внешнего сектора-Основные производные показатели динамики обменного курса рубля-Индексы обменного курса рубля (ежеквартальные данные),137,-1,Индекс реального курса,/statistics/macro_itm/external_sector/er/,2005,2026
36,Статистика внешнего сектора-Основные производные показатели динамики обменного курса рубля-Индексы обменного курса рубля (ежеквартальные данные),138,-1,Индекс реального эффективного курса рубля к иностранным валютам,/statistics/macro_itm/external_sector/er/,2005,2026
34,Статистика внешнего сектора-Основные производные показатели динамики обменного курса рубля-Индексы обменного курса рубля (ежемесячные данные),129,-1,Индекс номинального курса,/statistics/macro_itm/external_sector/er/,2005,2026
34,Статистика внешнего сектора-Основные производные показатели динамики обменного курса рубля-Индексы обменного курса рубля (ежемесячные данные),130,-1,Индекс номинального эффективного курса рубля к иностранным валютам,/statistics/macro_itm/external_sector/er/,2005,2026
34,Статистика внешнего сектора-Основные производные показатели динамики обменного курса рубля-Индексы обменного курса рубля (ежемесячные данные),131,-1,Индекс реального курса,/statistics/macro_itm/external_sector/er/,2005,2026
34,Статистика внешнего сектора-Основные производные показатели динамики обменного курса рубля-Индексы обменного курса рубля (ежемесячные данные),132,-1,Индекс реального эффективного курса рубля к иностранным валютам,/statistics/macro_itm/external_sector/er/,2005,2026
35,Статистика внешнего сектора-Основные производные показатели динамики обменного курса рубля-Номинальные курсы иностранных валют к рублю (рублей за единицу иностранной валюты) (ежеквартальные данные),133,-1,Номинальный курс,/statistics/macro_itm/external_sector/er/,2005,2026
35,Статистика внешнего сектора-Основные производные показатели динамики обменного курса рубля-Номинальные курсы иностранных валют к рублю (рублей за единицу иностранной валюты) (ежеквартальные данные),134,-1,Средний номинальный курс за период,/statistics/macro_itm/external_sector/er/,2005,2026
35,Статистика внешнего сектора-Основные производные показатели динамики обменного курса рубля-Номинальные курсы иностранных валют к рублю (рублей за единицу иностранной валюты) (ежеквартальные данные),141,-1,Средний номинальный курс за период с начала года,/statistics/macro_itm/external_sector/er/,2005,2026
33,Статистика внешнего сектора-Основные производные показатели динамики обменного курса рубля-Номинальные курсы иностранных валют к рублю (рублей за единицу иностранной валюты) (ежемесячные данные),127,-1,Номинальный курс,/statistics/macro_itm/external_sector/er/,2005,2026
33,Статистика внешнего сектора-Основные производные показатели динамики обменного курса рубля-Номинальные курсы иностранных валют к рублю (рублей за единицу иностранной валюты) (ежемесячные данные),128,-1,Средний номинальный курс за период,/statistics/macro_itm/external_sector/er/,2005,2026
33,Статистика внешнего сектора-Основные производные показатели динамики обменного курса рубля-Номинальные курсы иностранных валют к рублю (рублей за единицу иностранной валюты) (ежемесячные данные),139,-1,Средний номинальный курс за период с начала года,/statistics/macro_itm/external_sector/er/,2005,2026
8,Статистика внешнего сектора-Платежный баланс Российской Федерации-Ключевые агрегаты,10,-1,Сальдо счета операций с капиталом,/statistics/macro_itm/external_sector/pb/#a_164651,1994,2026
8,Статистика внешнего сектора-Платежный баланс Российской Федерации-Ключевые агрегаты,9,-1,Сальдо счета текущих операций,/statistics/macro_itm/external_sector/pb/#a_164651,1994,2026
8,Статистика внешнего сектора-Платежный баланс Российской Федерации-Ключевые агрегаты,11,-1,Сальдо финансового счета,/statistics/macro_itm/external_sector/pb/#a_164651,1994,2026
8,Статистика внешнего сектора-Платежный баланс Российской Федерации-Ключевые агрегаты,12,-1,Чистые ошибки и пропуски,/statistics/macro_itm/external_sector/pb/#a_164651,1994,2026
10,Статистика внешнего сектора-Платежный баланс Российской Федерации-Счет операций с капиталом,18,-1,Капитальные трансферты,/statistics/macro_itm/external_sector/pb/#a_164651,1994,2026
10,Статистика внешнего сектора-Платежный баланс Российской Федерации-Счет операций с капиталом,17,-1,Приобретение/выбытие непроизведенных нефинансовых активов,/statistics/macro_itm/external_sector/pb/#a_164651,1994,2026
9,Статистика внешнего сектора-Платежный баланс Российской Федерации-Счет текущих операций,16,-1,Вторичные доходы,/statistics/macro_itm/external_sector/pb/#a_164651,1994,2026
9,Статистика внешнего сектора-Платежный баланс Российской Федерации-Счет текущих операций,15,-1,Первичные доходы,/statistics/macro_itm/external_sector/pb/#a_164651,1994,2026
9,Статистика внешнего сектора-Платежный баланс Российской Федерации-Счет текущих операций,13,-1,Товары,/statistics/macro_itm/external_sector/pb/#a_164651,1994,2026
9,Статистика внешнего сектора-Платежный баланс Российской Федерации-Счет текущих операций,14,-1,Услуги,/statistics/macro_itm/external_sector/pb/#a_164651,1994,2026
11,Статистика внешнего сектора-Платежный баланс Российской Федерации-Финансовый счет,20,-1,Портфельные инвестиции,/statistics/macro_itm/external_sector/pb/#a_164651,1994,2026
11,Статистика внешнего сектора-Платежный баланс Российской Федерации-Финансовый счет,21,-1,Производные финансовые инструменты (кроме резервов) и опционы на акции для работников,/statistics/macro_itm/external_sector/pb/#a_164651,1994,2026
11,Статистика внешнего сектора-Платежный баланс Российской Федерации-Финансовый счет,22,-1,Прочие инвестиции,/statistics/macro_itm/external_sector/pb/#a_164651,1994,2026
11,Статистика внешнего сектора-Платежный баланс Российской Федерации-Финансовый счет,19,-1,Прямые инвестиции,/statistics/macro_itm/external_sector/pb/#a_164651,1994,2026
11,Статистика внешнего сектора-Платежный баланс Российской Федерации-Финансовый счет,23,-1,Резервные активы,/statistics/macro_itm/external_sector/pb/#a_164651,1994,2026
12,Статистика внешнего сектора-Платежный баланс Российской Федерации-Чистые ошибки и пропуски,24,-1,Чистые ошибки и пропуски,/statistics/macro_itm/external_sector/pb/#a_164651,1994,2026
21,Статистика кредитования-По ипотечным жилищным кредитам,46,-1,Задолженность по кредитам,/statistics/bank_sector/mortgage/#a_62963,2019,2026
21,Статистика кредитования-По ипотечным жилищным кредитам,44,-1,Количество кредитов,/statistics/bank_sector/mortgage/#a_62959,2019,2026
21,Статистика кредитования-По ипотечным жилищным кредитам,45,-1,Объем кредитов,/statistics/bank_sector/mortgage/#a_62960,2019,2026
21,Статистика кредитования-По ипотечным жилищным кредитам,47,-1,Просроченная задолженность по кредитам,/statistics/bank_sector/mortgage/#a_62963,2019,2026
21,Статистика кредитования-По ипотечным жилищным кредитам,55,-1,Сезонно скорректированная задолженность по кредитам,/statistics/bank_sector/mortgage/#a_170200,2009,2026
21,Статистика кредитования-По ипотечным жилищным кредитам,56,-1,Сезонно скорректированная задолженность по кредитам с учетом приобретенных кредитными организациями прав требования,/statistics/bank_sector/mortgage/#a_170200,2009,2026
21,Статистика кредитования-По ипотечным жилищным кредитам,48,-1,Средневзвешенный срок по кредитам,/statistics/bank_sector/mortgage/#a_62962,2019,2026
23,Статистика кредитования-По кредитам субъектам МСП,53,-1,Задолженность по кредитам,/statistics/bank_sector/sors/#a_67587,2019,2026
23,Статистика кредитования-По кредитам субъектам МСП,52,-1,Объем кредитов,/statistics/bank_sector/sors/#a_67585,2019,2026
23,Статистика кредитования-По кредитам субъектам МСП,54,-1,Просроченная задолженность по кредитам,/statistics/bank_sector/sors/#a_67587,2019,2026
20,Статистика кредитования-По кредитам физическим лицам,42,-1,Задолженность по кредитам,/statistics/bank_sector/sors/#a_63214,2019,2026
20,Статистика кредитования-По кредитам физическим лицам,41,-1,Объем кредитов,/statistics/bank_sector/sors/#a_63214,2019,2026
20,Статистика кредитования-По кредитам физическим лицам,43,-1,Просроченная задолженность по кредитам,/statistics/bank_sector/sors/#a_63214,2019,2026
22,Статистика кредитования-По кредитам юридическим лицам и индивидуальным предпринимателям (в т.ч. МСП),50,-1,Задолженность по кредитам,/statistics/bank_sector/sors/#a_67572,2019,2026
22,Статистика кредитования-По кредитам юридическим лицам и индивидуальным предпринимателям (в т.ч. МСП),49,-1,Объем кредитов,/statistics/bank_sector/sors/#a_67568,2019,2026
22,Статистика кредитования-По кредитам юридическим лицам и индивидуальным предпринимателям (в т.ч. МСП),51,-1,Просроченная задолженность по кредитам,/statistics/bank_sector/sors/#a_67572,2019,2026
19,Статистика процентных ставок-По депозитам-В территориальном разрезе,40,-1,Ставки по вкладам (депозитам) нефинансовых организаций в рублях,/statistics/bank_sector/int_rat/#a_128171,2019,2026
19,Статистика процентных ставок-По депозитам-В территориальном разрезе,39,-1,Ставки по вкладам (депозитам) физических лиц в рублях,/statistics/bank_sector/int_rat/#a_128170,2019,2026
18,Статистика процентных ставок-По депозитам-В целом по Российской Федерации,38,-1,Ставки по вкладам (депозитам) нефинансовых организаций,/statistics/bank_sector/int_rat/#a_87387,2014,2026
18,Статистика процентных ставок-По депозитам-В целом по Российской Федерации,37,-1,Ставки по вкладам (депозитам) физических лиц,/statistics/bank_sector/int_rat/#a_87387,2014,2026
16,Статистика процентных ставок-По кредитам-В разрезе по видам экономической деятельности,35,-1,Ставки по кредитам нефинансовым организациям,/statistics/bank_sector/int_rat/#a_128167,2019,2026
16,Статистика процентных ставок-По кредитам-В разрезе по видам экономической деятельности,36,-1,Ставки по кредитам нефинансовым организациям-субъектам МСП,/statistics/bank_sector/int_rat/#a_128167,2019,2026
15,Статистика процентных ставок-По кредитам-В территориальном разрезе,33,-1,Ставки по автокредитам в рублях,/statistics/bank_sector/int_rat/#a_128168,2019,2026
15,Статистика процентных ставок-По кредитам-В территориальном разрезе,34,-1,Ставки по ипотечным жилищным кредитам,/statistics/bank_sector/mortgage/#a_62962,2019,2026
15,Статистика процентных ставок-По кредитам-В территориальном разрезе,30,-1,Ставки по кредитам нефинансовым организациям в рублях,/statistics/bank_sector/int_rat/#a_128169,2019,2026
15,Статистика процентных ставок-По кредитам-В территориальном разрезе,31,-1,Ставки по кредитам нефинансовым организациям-субъектам МСП в рублях,/statistics/bank_sector/int_rat/#a_128169,2019,2026
15,Статистика процентных ставок-По кредитам-В территориальном разрезе,32,-1,Ставки по кредитам физическим лицам в рублях,/statistics/bank_sector/int_rat/#a_128168,2019,2026
14,Статистика процентных ставок-По кредитам-В целом по Российской Федерации,28,-1,Ставки по автокредитам,/statistics/bank_sector/int_rat/#a_87345,2014,2026
14,Статистика процентных ставок-По кредитам-В целом по Российской Федерации,29,-1,Ставки по ипотечным жилищным кредитам,/statistics/bank_sector/mortgage/#a_62949,2017,2026
14,Статистика процентных ставок-По кредитам-В целом по Российской Федерации,25,-1,Ставки по кредитам нефинансовым организациям,/statistics/bank_sector/int_rat/#a_87346,2014,2026
14,Статистика процентных ставок-По кредитам-В целом по Российской Федерации,26,-1,Ставки по кредитам нефинансовым организациям-субъектам МСП,/statistics/bank_sector/int_rat/#a_87346,2014,2026
14,Статистика процентных ставок-По кредитам-В целом по Российской Федерации,27,-1,Ставки по кредитам физическим лицам,/statistics/bank_sector/int_rat/#a_87345,2014,2026
