,date_formated,key_rate,inflation,mortgage_count,mortgage_volume,seasoned_debts,mortgage_rate,short_term_deposit_rate,long_term_deposit_rate,m2,total_funds_of_ind,time_deposits_of_ind,curr_accounts_of_ind,month,shock_2014,subsidized_mortgage,shock_2022
0,9.2013,5.5,6.14,,,2279620.0,,,,28499.9,15945.652852,13515.366534,2430.286318,9,0,0,0
1,10.2013,5.5,6.27,,,2284117.0,,,,28352.6,15945.713302,13556.636282,2389.07702,10,0,0,0
2,11.2013,5.5,6.5,,,2360275.0,,,,28276.4,16062.065195,13706.670941,2355.394254,11,0,0,0
3,12.2013,5.5,6.47,,,2428127.0,,,,28873.3,16260.794307,13832.959743,2427.834564,12,0,0,0
4,1.2014,5.5,6.07,,,2498806.0,,,,31155.6,16957.531046,14034.007723,2923.523323,1,0,0,0
5,2.2014,5.5,6.21,,,2562798.0,,7.17,7.32,29861.2,16689.419876,14212.983809,2476.436067,2,0,0,0
6,3.2014,7.0,6.92,,,2636117.0,,7.04,7.3,30169.0,16908.023987,14334.325142,2573.698845,3,0,0,0
7,4.2014,7.5,7.33,,,2713948.0,,7.02,7.17,29519.3,16563.850172,14047.541901,2516.308271,4,0,0,0
8,5.2014,7.5,7.59,,,2799781.0,,7.2,7.61,29879.2,16847.470633,14133.378589,2714.092044,5,0,0,0
9,6.2014,7.5,7.81,,,2881424.0,,7.19,7.85,29890.8,16756.486453,14117.369132,2639.117321,6,0,0,0
10,7.2014,8.0,7.45,,,2949114.0,,7.4,7.8,30071.8,16883.219666,14159.198781,2724.020885,7,0,0,0
11,8.2014,8.0,7.55,,,3040955.0,,7.36,7.89,30178.3,17111.774601,14393.665027,2718.109574,8,0,0,0
12,9.2014,8.0,8.03,,,3101553.0,,7.37,7.95,30338.7,17271.18104,14516.747204,2754.433836,9,0,0,0
13,10.2014,8.0,8.29,,,3169971.0,,7.56,8.09,30297.6,17297.538235,14634.801667,2662.736568,10,0,0,0
14,11.2014,9.5,9.06,,,3231125.0,,7.82,8.2,29831.2,17685.383356,14937.516783,2747.866573,11,0,0,0
15,12.2014,17.0,11.35,,,3301560.0,,8.13,8.47,30141.9,18087.076173,15294.186556,2792.889617,12,1,0,0
16,1.2015,17.0,14.96,,,3343528.0,,12.73,11.98,31615.7,18552.681778,15597.650543,2955.031235,1,1,0,0
17,2.2015,15.0,16.7,,,3392153.0,,12.23,13.23,31033.5,19328.702357,16705.553905,2623.148452,2,1,0,0
18,3.2015,14.0,16.9,,,3430033.0,,11.46,11.54,31224.9,19077.311253,16438.909956,2638.401297,3,1,0,0
19,4.2015,14.0,16.4,,,3440312.0,,11.59,11.15,31028.4,19092.873366,16536.500474,2556.372892,4,0,0,0
20,5.2015,12.5,15.8,,,3453253.0,,11.86,10.83,31696.9,19132.818557,16394.593902,2738.224655,5,0,0,0
21,6.2015,11.5,15.3,,,3486654.0,,10.9,10.35,31820.4,19382.73443,16694.527359,2688.207071,6,0,0,0
22,7.2015,11.5,15.6,,,3509095.0,,10.27,10.25,31936.3,19892.300219,17087.448124,2804.852095,7,0,0,0
23,8.2015,11.0,15.8,,,3542328.0,,9.78,9.55,32046.0,20402.578539,17509.122316,2893.456223,8,0,0,0
24,9.2015,11.0,15.7,,,3577146.0,,9.62,9.31,32257.3,21121.6533,18278.972642,2842.680658,9,0,0,0
25,10.2015,11.0,15.6,,,3615482.0,,9.65,9.37,32052.5,21214.899206,18364.737442,2850.161764,10,0,0,0
26,11.2015,11.0,15.0,,,3658929.0,,9.35,8.95,32161.0,21192.790343,18381.578156,2811.212187,11,0,0,0
27,12.2015,11.0,12.9,,,3698044.0,,9.1,8.94,32743.4,21491.13214,18659.296744,2831.835396,12,0,0,0
28,1.2016,11.0,9.8,,,3800536.0,,9.21,9.31,35179.7,23218.8113,19672.320714,3546.490586,1,0,0,0
29,2.2016,11.0,8.1,,,3864039.0,,8.85,9.49,33935.0,22801.240858,19757.060905,3044.179953,2,0,0,0
30,3.2016,11.0,7.3,,,3948820.0,,8.54,9.13,34309.6,22970.625162,19831.917439,3138.707723,3,0,0,0
31,4.2016,11.0,7.3,,,3996794.0,,8.54,8.95,34688.8,22518.545977,19407.711232,3110.834745,4,0,0,0
32,5.2016,11.0,7.3,,,4028631.0,,8.51,9.0,35103.6,22673.570831,19369.900694,3303.670137,5,0,0,0
33,6.2016,10.5,7.5,,,4072911.0,,7.53,8.75,35642.9,22924.531662,19575.658728,3348.872934,6,0,0,0
34,7.2016,10.5,7.2,,,4110353.0,,7.34,8.65,35856.9,23062.51249,19522.569886,3539.942604,7,0,0,0
35,8.2016,10.5,6.9,,,4152487.0,,7.33,8.34,36031.2,23452.973249,19867.104105,3585.869144,8,0,0,0
36,9.2016,10.0,6.4,,,4195742.0,,7.42,8.1,36145.6,23374.845695,19822.362515,3552.48318,9,0,0,0
37,10.2016,10.0,6.1,,,4233739.0,,5.84,8.07,36148.8,23318.058502,19746.138027,3571.920475,10,0,0,0
38,11.2016,10.0,5.8,,,4279557.0,,5.51,7.64,36051.1,23373.868677,19842.118106,3531.750571,11,0,0,0
39,12.2016,10.0,5.4,,,4327819.0,,7.28,7.41,36433.0,23673.990581,20135.896636,3538.093945,12,0,0,0
40,1.2017,10.0,5.0,,,4370629.0,,7.08,7.56,38417.7,24200.09425,20113.23174,4086.86251,1,0,0,0
41,2.2017,10.0,4.6,,,4405718.0,,6.96,7.83,38017.1,24014.958666,20247.693633,3767.265033,2,0,0,0
42,3.2017,9.75,4.3,,,4439904.0,,6.7,7.29,38462.6,24075.196061,20182.909135,3892.286926,3,0,0,0
43,4.2017,9.75,4.1,,,4495622.0,,6.68,7.17,38555.5,23967.205774,20087.203324,3880.00245,4,0,0,0
44,5.2017,9.25,4.1,,,4553232.0,,6.69,7.14,38664.1,24273.249609,20240.555113,4032.694496,5,0,0,0
45,6.2017,9.0,4.4,,,4571342.0,,6.54,6.98,39223.2,24276.325616,20244.702834,4031.622782,6,0,0,0
46,7.2017,9.0,3.9,,,4635531.0,,5.98,6.73,39623.1,24896.925784,20539.538521,4357.387263,7,0,0,0
47,8.2017,9.0,3.3,,,4700943.0,,6.02,6.87,39276.3,24861.13343,20464.665926,4396.467504,8,0,0,0
48,9.2017,8.5,3.0,,,4770803.0,,6.09,6.9,39419.7,24798.122266,20431.594743,4366.527523,9,0,0,0
49,10.2017,8.25,2.7,,,4845257.0,,6.05,6.83,39572.4,24761.752154,20425.785361,4335.966793,10,0,0,0
50,11.2017,8.25,2.5,,,4895756.0,,6.46,6.29,39667.7,24759.207244,20460.520378,4298.686866,11,0,0,0
51,12.2017,7.75,2.5,,,4997070.0,,6.42,7.0,40114.5,24996.29912,20623.86,4372.43912,12,0,0,0
52,1.2018,7.75,2.2,,,5092747.0,9.79,5.9,6.44,42442.2,25986.738371,20897.974989,5088.763382,1,0,0,0
53,2.2018,7.5,2.2,,,5179720.0,9.85,5.78,6.73,41598.1,25471.216057,20884.672684,4586.543373,2,0,0,0
54,3.2018,7.25,2.4,,,5275171.0,9.75,5.57,6.41,42046.2,25764.849115,20887.862897,4876.986218,3,0,0,0
55,4.2018,7.25,2.4,,,5386186.0,9.63,5.62,6.25,42376.2,26054.389615,21125.750813,4928.638802,4,0,0,0
56,5.2018,7.25,2.4,,,5499764.0,9.6,5.68,5.88,43122.6,26742.820188,21373.352932,5369.467256,5,0,0,0
57,6.2018,7.25,2.3,,,5623649.0,9.54,5.72,6.02,43258.0,26702.363767,21287.210449,5415.153318,6,0,0,0
58,7.2018,7.25,2.5,,,5740449.0,9.49,5.22,5.72,44126.7,26990.891407,21306.385786,5684.505621,7,0,0,0
59,8.2018,7.25,3.1,,,5856825.0,9.57,5.09,5.76,43911.5,27064.449489,21336.978196,5727.471293,8,0,0,0
60,9.2018,7.5,3.4,,,5971943.0,9.42,5.13,5.74,44370.3,27368.328758,21540.573388,5827.75537,9,0,0,0
61,10.2018,7.5,3.5,,,6076621.0,9.41,5.52,6.05,44254.0,26933.038764,21199.966062,5733.072702,10,0,0,0
62,11.2018,7.5,3.8,,,6160143.0,9.41,6.06,6.57,44219.6,27072.914945,21249.747503,5823.167442,11,0,0,0
63,12.2018,7.75,4.3,,,6299762.0,9.51,6.36,6.77,44892.8,27154.377126,21539.621141,5614.755985,12,0,0,0
64,1.2019,7.75,5.0,,,6320675.0,9.66,5.8,6.87,47109.3,28459.453962,22113.70397,6345.749992,1,0,0,0
65,2.2019,7.75,5.2,81054.0,173119.0,6602080.0,9.88,5.9,6.94,45723.2,27742.337627,22100.374628,5641.962999,2,0,0,0
66,3.2019,7.75,5.3,105570.0,230600.0,6720378.0,10.16,6.43,7.05,46214.7,28164.519457,22339.49185,5825.027607,3,0,0,0
67,4.2019,7.75,5.2,103614.0,227491.0,6827003.0,10.42,6.43,7.09,46141.4,28210.399061,22425.326449,5785.072612,4,0,0,0
68,5.2019,7.75,5.1,110319.0,242515.0,6935296.0,10.56,6.19,6.92,46437.5,28803.1684,22568.374088,6234.794312,5,0,0,0
69,6.2019,7.5,4.7,86917.0,192107.0,7047904.0,10.54,6.05,6.85,46736.9,28796.442509,22646.140398,6150.302111,6,0,0,0
70,7.2019,7.25,4.6,97804.0,217713.0,7119062.0,10.3,6.02,6.76,47349.4,28970.680814,22577.4464,6393.234414,7,0,0,0
71,8.2019,7.25,4.3,102801.0,226828.0,7146072.0,10.23,5.71,6.69,47352.5,29035.076792,22673.475263,6361.601529,8,0,0,0
72,9.2019,7.0,4.0,109793.0,241650.0,7246213.0,9.9,5.64,6.51,47586.7,29430.160643,23002.72258,6427.438063,9,0,0,0
73,10.2019,6.5,3.8,110650.0,246859.0,7319817.0,9.67,5.49,6.28,48267.0,29300.051577,22835.913586,6464.137991,10,0,0,0
74,11.2019,6.5,3.5,123816.0,281688.0,7348775.0,9.41,5.42,6.16,48084.0,29308.000126,22837.790482,6470.209644,11,0,0,0
75,12.2019,6.25,3.0,123018.0,284033.0,7473135.0,9.22,4.97,5.83,49196.9,29494.926593,22835.708326,6659.218267,12,0,0,0
76,1.2020,6.25,2.4,156603.0,369629.0,7555645.0,9.05,5.08,5.55,51660.3,30411.882972,22878.414191,7533.468781,1,0,0,0
77,2.2020,6.0,2.3,83515.0,200428.0,7669637.0,8.85,4.84,5.49,50623.2,30009.267842,22938.180458,7071.087384,2,0,0,0
78,3.2020,6.0,2.5,115629.0,282875.0,7800357.0,8.73,4.58,5.18,51314.5,30619.437568,23175.644796,7443.792772,3,0,0,0
79,4.2020,5.5,3.1,133129.0,329468.0,7928432.0,8.68,4.62,4.91,52327.1,31214.995968,23338.383917,7876.612051,4,0,1,0
80,5.2020,5.5,3.0,97453.0,217771.0,7986745.0,8.42,5.18,5.02,52951.7,31184.937987,22746.803706,8438.134281,5,0,1,0
81,6.2020,4.5,3.2,93129.0,214980.0,8097520.0,7.56,4.38,4.91,53067.4,30848.292549,22390.571994,8457.720555,6,0,1,0
82,7.2020,4.25,3.4,127032.0,300654.0,8201007.0,7.64,4.24,4.74,54392.6,31301.575462,22283.800376,9017.775086,7,0,1,0
83,8.2020,4.25,3.6,155588.0,383429.0,8399283.0,7.38,3.78,4.29,54686.8,31644.421538,22406.853734,9237.567804,8,0,1,0
84,9.2020,4.25,3.7,163914.0,413234.0,8593902.0,7.26,3.56,4.06,55293.7,31658.415363,22191.736357,9466.679006,9,0,1,0
85,10.2020,4.25,4.0,198747.0,503565.0,8804136.0,7.32,3.59,4.09,56024.9,32030.160727,22192.561124,9837.599603,10,0,1,0
86,11.2020,4.25,4.4,212287.0,546199.0,9081044.0,7.31,3.66,4.13,55871.1,31724.857487,21724.385435,10000.472052,11,0,1,0
87,12.2020,4.25,4.9,188503.0,491441.0,9094068.0,7.38,3.44,4.15,56122.6,31466.745966,21177.67405,10289.071916,12,0,1,0
88,1.2021,4.25,5.2,211564.0,560284.0,9206878.0,7.36,3.6,4.17,58652.1,32834.228704,21197.64345,11636.585254,1,0,1,0
89,2.2021,4.25,5.7,95100.0,259707.0,9356305.0,7.23,3.55,4.18,57597.9,32170.723066,21112.868896,11057.85417,2,0,1,0
90,3.2021,4.5,5.8,144983.0,403303.0,9547325.0,7.26,3.38,4.26,58178.2,32122.771534,20801.388037,11321.383497,3,0,1,0
91,4.2021,5.0,5.5,178113.0,501004.0,9780280.0,7.23,3.47,4.18,58262.6,32138.259651,20639.176531,11499.08312,4,0,1,0
92,5.2021,5.0,6.0,191426.0,550907.0,10055438.0,7.3,3.69,4.4,59205.8,32942.480091,20465.828515,12476.651576,5,0,1,0
93,6.2021,5.5,6.5,148464.0,433830.0,10315610.0,7.3,3.45,4.46,59194.1,32388.391753,20224.971661,12163.420092,6,0,1,0
94,7.2021,6.5,6.5,178720.0,544951.0,10591318.0,7.07,3.59,4.68,59583.9,32378.166298,19963.478318,12414.68798,7,0,1,0
95,8.2021,6.5,6.68,151422.0,433085.0,10823321.0,7.67,3.89,5.11,59379.7,32598.118793,19966.20689,12631.911903,8,0,1,0
96,9.2021,6.75,7.4,150792.0,439015.0,10999771.0,7.78,4.24,5.78,59816.9,32674.841793,20086.246092,12588.595701,9,0,1,0
97,10.2021,7.5,8.13,157723.0,476775.0,11169881.0,7.73,4.44,5.92,60606.2,32870.590144,20211.893196,12658.696948,10,0,1,0
98,11.2021,7.5,8.4,161784.0,500588.0,11380231.0,7.7,4.67,6.06,60813.7,32851.479199,20214.205,12637.274199,11,0,1,0
99,12.2021,8.5,8.39,157595.0,510573.0,11384199.0,7.59,4.98,6.46,62312.5,33216.330352,20566.275059,12650.055293,12,0,1,0
100,1.2022,8.5,8.73,192410.0,641337.0,11667408.0,7.81,5.05,7.43,66252.9,34694.762745,21229.054919,13465.707826,1,0,1,0
101,2.2022,20.0,9.15,94982.0,326952.0,11885244.0,7.87,4.98,7.67,65310.3,34204.65868,21587.469526,12617.189154,2,0,1,1
102,3.2022,20.0,16.69,135663.0,476900.0,12174311.0,8.1,6.2,8.12,66659.7,33465.209565,20807.349939,12657.859626,3,0,1,1
103,4.2022,17.0,17.83,162766.0,521283.0,12444861.0,8.05,16.0,9.74,68203.5,33267.48784,23908.403544,9359.084296,4,0,1,1
104,5.2022,11.0,17.1,49371.0,161604.0,12433132.0,7.64,9.93,9.41,68475.3,33593.584986,24235.984634,9357.600352,5,0,1,1
105,6.2022,9.5,15.9,36603.0,139688.0,12471343.0,6.17,6.05,8.19,68993.4,33263.603223,24013.319971,9250.283252,6,0,1,0
106,7.2022,8.0,15.1,65439.0,253458.0,12535140.0,6.36,7.3,8.53,69623.2,32935.943514,22590.836829,10345.106685,7,0,1,0
107,8.2022,8.0,14.3,91602.0,341657.0,12739896.0,6.67,6.21,7.4,70825.4,33812.020976,23099.950903,10712.070073,8,0,1,0
108,9.2022,7.5,13.68,121868.0,457702.0,12837634.0,6.67,5.92,6.76,73333.3,33779.218126,22811.9842,10967.233926,9,0,1,0
109,10.2022,7.5,12.63,136599.0,518113.0,13065686.0,6.71,6.12,7.07,75096.8,33141.673404,21678.615355,11463.058049,10,0,1,0
110,11.2022,7.5,11.98,127336.0,448354.0,13265551.0,7.38,5.89,7.29,75636.5,33278.927484,21707.329926,11571.597558,11,0,1,0
111,12.2022,7.5,11.94,128813.0,470681.0,13449804.0,7.11,6.17,7.31,76872.2,33563.63416,21749.489653,11814.144507,12,0,1,0
112,1.2023,7.5,11.77,176247.0,696876.0,13733040.0,6.65,5.93,7.31,82388.0,36619.201926,22654.393497,13964.808429,1,0,1,0
113,2.2023,7.5,10.99,77309.0,281648.0,13906824.0,7.86,5.64,7.13,82221.7,35582.075211,22811.082424,12770.992787,2,0,1,0
114,3.2023,7.5,3.51,114644.0,422392.0,14152528.0,8.05,6.06,7.05,83955.9,36601.12296,23116.145459,13484.977501,3,0,1,0
115,4.2023,7.5,2.31,153984.0,569416.0,14453482.0,8.18,6.68,7.34,84813.1,36955.755022,23145.579275,13810.175747,4,0,1,0
116,5.2023,7.5,2.51,153343.0,566257.0,14766337.0,8.52,6.31,7.39,84636.0,37722.156533,23509.785981,14212.370552,5,0,1,0
117,6.2023,7.5,3.25,157841.0,580470.0,15150363.0,8.4,6.03,7.29,86197.3,38172.995477,23622.525369,14550.470108,6,0,1,0
118,7.2023,8.5,4.3,167819.0,626742.0,15481232.0,8.45,6.05,7.31,87276.8,39276.814268,23856.328415,15420.485853,7,0,0,0
119,8.2023,12.0,5.15,170538.0,646509.0,15724554.0,8.25,6.41,7.45,88294.0,39894.676158,24056.203395,15838.472763,8,0,0,0
120,9.2023,13.0,6.0,216074.0,849118.0,16286683.0,8.04,7.65,8.38,90110.9,40414.790053,24940.992674,15473.797379,9,0,0,0
121,10.2023,15.0,6.69,238180.0,955207.0,16879881.0,7.92,8.76,9.32,90597.3,40878.986282,25873.952897,15005.033385,10,0,0,0
122,11.2023,15.0,7.48,200364.0,769637.0,17324578.0,8.35,10.19,10.18,91134.7,41297.735467,26640.046133,14657.689334,11,0,0,0
123,12.2023,16.0,7.42,189084.0,726080.0,17626304.0,8.18,12.3,12.56,92546.9,41977.469019,27868.21252,14109.256499,12,0,0,0
124,1.2024,16.0,7.44,196869.0,785482.0,17865556.0,7.91,13.57,12.01,98385.4,44920.859171,29291.483184,15629.375987,1,0,0,0
125,2.2024,16.0,7.69,75911.0,271788.0,18113699.0,8.4,14.89,12.28,97816.7,44866.969745999995,29909.455352,14957.514394,2,0,0,0
126,3.2024,16.0,7.72,95562.0,332817.0,18238649.0,9.28,14.96,12.3,99422.0,46110.574395,30476.194709,15634.379686,3,0,0,0
127,4.2024,16.0,7.84,117027.0,447282.0,18475259.0,8.41,15.03,12.5,99595.8,47024.170704,31174.271343,15849.899361,4,0,0,0
128,5.2024,16.0,8.3,123233.0,465816.0,18636750.0,8.41,15.19,13.03,103107.4,47989.086713000004,32026.801437,15962.285276,5,0,0,0
129,6.2024,16.0,8.59,146713.0,545712.0,18849899.0,8.06,15.23,12.03,102519.1,49162.970303999995,32576.887146,16586.083158,6,0,0,0
130,7.2024,18.0,9.13,202368.0,788497.0,19327052.0,7.57,17.07,13.87,103557.2,49802.03951,33055.143713,16746.895797,7,0,0,0
131,8.2024,18.0,9.05,107156.0,355976.0,19299370.0,10.19,16.96,16.78,104351.3,50388.507939,33402.65836,16985.849579,8,0,0,0
132,9.2024,19.0,8.63,100122.0,375068.0,19345539.0,9.32,16.98,17.47,106242.7,51267.315574,34396.092224,16871.22335,9,0,0,0
133,10.2024,21.0,8.54,94348.0,372813.0,19218009.0,8.94,17.89,18.17,107634.8,52007.335647,35343.65238,16663.683267,10,0,0,0
134,11.2024,21.0,8.88,94934.0,367067.0,19035646.0,9.65,19.38,19.07,108947.9,52861.654334,36834.466585,16027.187749,11,0,0,0
135,12.2024,21.0,9.52,72315.0,274353.0,19019393.0,9.01,20.84,20.73,111025.2,53897.083041,38444.6858,15452.397241,12,0,0,0
136,1.2025,21.0,9.92,73364.0,291146.0,19036273.0,8.47,21.63,21.49,117256.4,57532.754054000005,40440.298061,17092.455993,1,0,0,0
137,2.2025,21.0,10.06,32294.0,126932.0,19051502.0,8.35,21.35,20.45,116577.8,56937.062492000005,41077.083627,15859.978865,2,0,0,0
138,3.2025,21.0,10.34,52573.0,227090.0,19160937.0,7.7,21.45,20.04,117697.6,57597.769702,41599.398932,15998.37077,3,0,0,0
139,4.2025,21.0,10.23,57811.0,257069.0,19253173.0,7.56,20.48,19.02,116499.0,57892.081364,41880.500638,16011.580726,4,0,0,0
140,5.2025,21.0,9.88,65247.0,290271.0,19382508.0,7.52,20.01,18.75,117537.1,59407.443434,42450.307307,16957.136127,5,0,0,0
141,6.2025,20.0,9.4,63262.0,287331.0,19553139.0,7.47,19.81,18.32,118211.4,59396.876569,42613.851242,16783.025327,6,0,0,0
142,7.2025,18.0,8.79,68695.0,308949.0,19583033.0,7.47,18.87,17.89,119088.7,60256.91816,42987.243112,17269.675048,7,0,0,0
143,8.2025,18.0,8.14,77462.0,355872.0,19566187.0,7.46,17.53,16.67,120037.2,61148.494095999995,43555.053102,17593.440994,8,0,0,0
144,9.2025,17.0,7.98,85094.0,392274.0,19752718.0,7.58,15.8,14.18,121566.9,61155.115938,43610.498316,17544.617622,9,0,0,0
145,10.2025,16.5,7.71,87872.0,404401.0,19915864.0,8.03,15.04,13.29,121260.6,61322.999305,43615.128026,17707.871279,10,0,0,0
146,11.2025,16.5,6.64,105966.0,489610.0,20146144.0,8.24,15.03,12.63,123065.6,62183.867368,44409.409428,17774.45794,11,0,0,0
147,12.2025,16.0,5.59,105410.0,501455.0,20371111.0,7.93,14.88,12.7,124715.8,62156.777833,44637.845304,17518.932529,12,0,0,0
148,1.2026,16.0,6.0,166509.0,811214.0,20660617.0,7.59,14.88,13.02,129628.7,65870.875661,46232.567136,19638.308525,1,0,0,0
149,2.2026,15.5,5.91,84659.0,424903.0,21046199.0,7.64,14.37,12.57,127853.8,64794.372861,46556.150774,18238.222087,2,0,0,0
150,3.2026,15.0,5.86,68714.0,290222.0,21196239.0,9.99,14.27,12.02,131071.8,66076.855491,47068.377965,19008.477526,3,0,0,0
151,4.2026,14.5,5.58,77084.0,330495.0,21286010.0,10.04,13.73,11.53,130224.2,66209.02103199999,46913.2588,19295.762232,4,0,0,0
152,5.2026,14.5,5.31,83850.0,358970.0,21425607.0,10.27,13.3,12.22,131989.3,67158.407253,46899.204416,20259.202837,5,0,0,0
153,6.2026,14.25,6.02,75102.0,328235.0,21533874.0,10.18,13.0,11.71,133633.3,66533.48449799999,46623.141818,19910.34268,6,0,0,0
154,7.2026,14.0,5.98,101328.0,482695.0,21650963.0,8.95,13.13,11.59,134848.2,67067.275579,46818.924525,20248.351054,7,0,0,0
155,8.2026,14.0,6.33,85473.0,363411.0,21818309.0,10.52,13.06,11.51,135699.9,67387.587198,46790.855935,20596.731263,8,0,0,0
