indicator_id,indicator_parent,measure1_id,measure2_id,unit_id,indicator_name,measure1_name,measure2_name,un_name
45,-1,117,36,6,Объем кредитов,Чукотский автономный округ,В рублях,млн руб.
45,-1,112,35,6,Объем кредитов,Хабаровский край,Всего,млн руб.
45,-1,107,40,6,Объем кредитов,Республика Бурятия,В иностранной валюте,млн руб.
45,-1,111,36,6,Объем кредитов,Приморский край,В рублях,млн руб.
45,-1,114,36,6,Объем кредитов,Магаданская область,В рублях,млн руб.
45,-1,115,35,6,Объем кредитов,Сахалинская область,Всего,млн руб.
45,-1,110,40,6,Объем кредитов,Камчатский край,В иностранной валюте,млн руб.
45,-1,113,40,6,Объем кредитов,Амурская область,В иностранной валюте,млн руб.
45,-1,116,40,6,Объем кредитов,Еврейская автономная область,В иностранной валюте,млн руб.
45,-1,85,40,6,Объем кредитов,Саратовская область,В иностранной валюте,млн руб.
45,-1,87,35,6,Объем кредитов,Уральский федеральный округ,Всего,млн руб.
45,-1,83,36,6,Объем кредитов,Пензенская область,В рублях,млн руб.
45,-1,92,36,6,Объем кредитов,"Тюменская область, в том числе Ямало-Ненецкий автономный округ",В рублях,млн руб.
45,-1,79,40,6,Объем кредитов,Пермский край,В иностранной валюте,млн руб.
45,-1,93,35,6,Объем кредитов,Тюменская область без данных по Ханты-Мансийскому автономному округу - Югре и Ямало-Ненецкому автономному округу,Всего,млн руб.
45,-1,84,35,6,Объем кредитов,Самарская область,Всего,млн руб.
45,-1,88,40,6,Объем кредитов,Курганская область,В иностранной валюте,млн руб.
45,-1,82,40,6,Объем кредитов,Оренбургская область,В иностранной валюте,млн руб.
45,-1,90,35,6,Объем кредитов,Тюменская область,Всего,млн руб.
45,-1,86,36,6,Объем кредитов,Ульяновская область,В рублях,млн руб.
45,-1,89,36,6,Объем кредитов,Свердловская область,В рублях,млн руб.
45,-1,74,35,6,Объем кредитов,Республика Марий Эл,Всего,млн руб.
45,-1,70,36,6,Объем кредитов,Чеченская Республика,В рублях,млн руб.
45,-1,73,36,6,Объем кредитов,Республика Башкортостан,В рублях,млн руб.
45,-1,77,35,6,Объем кредитов,Удмуртская Республика,Всего,млн руб.
45,-1,67,36,6,Объем кредитов,Кабардино-Балкарская Республика,В рублях,млн руб.
45,-1,72,40,6,Объем кредитов,Приволжский федеральный округ,В иностранной валюте,млн руб.
45,-1,68,35,6,Объем кредитов,Карачаево-Черкесская Республика,Всего,млн руб.
45,-1,69,40,6,Объем кредитов,Республика Северная Осетия - Алания,В иностранной валюте,млн руб.
45,-1,71,35,6,Объем кредитов,Ставропольский край,Всего,млн руб.
45,-1,76,36,6,Объем кредитов,Республика Татарстан (Татарстан),В рублях,млн руб.
45,-1,63,40,6,Объем кредитов,г. Севастополь,В иностранной валюте,млн руб.
45,-1,66,40,6,Объем кредитов,Республика Ингушетия,В иностранной валюте,млн руб.
45,-1,97,36,6,Объем кредитов,Республика Тыва,В рублях,млн руб.
45,-1,92,35,6,Объем кредитов,"Тюменская область, в том числе Ямало-Ненецкий автономный округ",Всего,млн руб.
45,-1,93,40,6,Объем кредитов,Тюменская область без данных по Ханты-Мансийскому автономному округу - Югре и Ямало-Ненецкому автономному округу,В иностранной валюте,млн руб.
45,-1,91,36,6,Объем кредитов,"Тюменская область, в том числе Ханты-Мансийский автономный округ - Югра",В рублях,млн руб.
45,-1,100,36,6,Объем кредитов,Красноярский край,В рублях,млн руб.
45,-1,96,40,6,Объем кредитов,Республика Алтай,В иностранной валюте,млн руб.
45,-1,94,36,6,Объем кредитов,Челябинская область,В рублях,млн руб.
45,-1,95,35,6,Объем кредитов,Сибирский федеральный округ,Всего,млн руб.
45,-1,101,35,6,Объем кредитов,Иркутская область,Всего,млн руб.
45,-1,87,40,6,Объем кредитов,Уральский федеральный округ,В иностранной валюте,млн руб.
45,-1,98,35,6,Объем кредитов,Республика Хакасия,Всего,млн руб.
45,-1,90,40,6,Объем кредитов,Тюменская область,В иностранной валюте,млн руб.
45,-1,64,40,6,Объем кредитов,Северо-Кавказский федеральный округ,В иностранной валюте,млн руб.
45,-1,65,36,6,Объем кредитов,Республика Дагестан,В рублях,млн руб.
45,-1,61,40,6,Объем кредитов,Волгоградская область,В иностранной валюте,млн руб.
45,-1,69,35,6,Объем кредитов,Республика Северная Осетия - Алания,Всего,млн руб.
45,-1,62,36,6,Объем кредитов,Ростовская область,В рублях,млн руб.
45,-1,58,40,6,Объем кредитов,Республика Крым,В иностранной валюте,млн руб.
45,-1,68,36,6,Объем кредитов,Карачаево-Черкесская Республика,В рублях,млн руб.
45,-1,63,35,6,Объем кредитов,г. Севастополь,Всего,млн руб.
45,-1,66,35,6,Объем кредитов,Республика Ингушетия,Всего,млн руб.
45,-1,23,40,6,Объем кредитов,Центральный федеральный округ,В иностранной валюте,млн руб.
45,-1,27,36,6,Объем кредитов,Воронежская область,В рублях,млн руб.
45,-1,28,35,6,Объем кредитов,Ивановская область,Всего,млн руб.
45,-1,24,36,6,Объем кредитов,Белгородская область,В рублях,млн руб.
45,-1,22,35,6,Объем кредитов,Российская Федерация,Всего,млн руб.
45,-1,25,35,6,Объем кредитов,Брянская область,Всего,млн руб.
45,-1,112,40,6,Объем кредитов,Хабаровский край,В иностранной валюте,млн руб.
45,-1,117,35,6,Объем кредитов,Чукотский автономный округ,Всего,млн руб.
45,-1,116,36,6,Объем кредитов,Еврейская автономная область,В рублях,млн руб.
45,-1,115,40,6,Объем кредитов,Сахалинская область,В иностранной валюте,млн руб.
45,-1,99,36,6,Объем кредитов,Алтайский край,В рублях,млн руб.
45,-1,98,40,6,Объем кредитов,Республика Хакасия,В иностранной валюте,млн руб.
45,-1,105,36,6,Объем кредитов,Томская область,В рублях,млн руб.
45,-1,103,35,6,Объем кредитов,Новосибирская область,Всего,млн руб.
45,-1,106,35,6,Объем кредитов,Дальневосточный федеральный округ,Всего,млн руб.
45,-1,102,36,6,Объем кредитов,Кемеровская область - Кузбасс,В рублях,млн руб.
45,-1,101,40,6,Объем кредитов,Иркутская область,В иностранной валюте,млн руб.
45,-1,108,36,6,Объем кредитов,Республика Саха (Якутия),В рублях,млн руб.
45,-1,95,40,6,Объем кредитов,Сибирский федеральный округ,В иностранной валюте,млн руб.
45,-1,104,40,6,Объем кредитов,Омская область,В иностранной валюте,млн руб.
45,-1,109,35,6,Объем кредитов,Забайкальский край,Всего,млн руб.
45,-1,100,35,6,Объем кредитов,Красноярский край,Всего,млн руб.
45,-1,29,35,6,Объем кредитов,Калужская область,Всего,млн руб.
45,-1,32,35,6,Объем кредитов,Липецкая область,Всего,млн руб.
45,-1,23,35,6,Объем кредитов,Центральный федеральный округ,Всего,млн руб.
45,-1,24,40,6,Объем кредитов,Белгородская область,В иностранной валюте,млн руб.
45,-1,27,40,6,Объем кредитов,Воронежская область,В иностранной валюте,млн руб.
45,-1,25,36,6,Объем кредитов,Брянская область,В рублях,млн руб.
45,-1,26,35,6,Объем кредитов,Владимирская область,Всего,млн руб.
45,-1,22,36,6,Объем кредитов,Российская Федерация,В рублях,млн руб.
45,-1,28,36,6,Объем кредитов,Ивановская область,В рублях,млн руб.
45,-1,31,36,6,Объем кредитов,Курская область,В рублях,млн руб.
45,-1,38,36,6,Объем кредитов,Тверская область,В рублях,млн руб.
45,-1,42,35,6,Объем кредитов,Северо-Западный федеральный округ,Всего,млн руб.
45,-1,47,36,6,Объем кредитов,Архангельская область без данных по Ненецкому автономному округу,В рублях,млн руб.
45,-1,41,36,6,Объем кредитов,г. Москва,В рублях,млн руб.
45,-1,44,36,6,Объем кредитов,Республика Коми,В рублях,млн руб.
45,-1,37,40,6,Объем кредитов,Тамбовская область,В иностранной валюте,млн руб.
45,-1,39,35,6,Объем кредитов,Тульская область,Всего,млн руб.
45,-1,48,35,6,Объем кредитов,Вологодская область,Всего,млн руб.
45,-1,45,35,6,Объем кредитов,Архангельская область,Всего,млн руб.
45,-1,43,40,6,Объем кредитов,Республика Карелия,В иностранной валюте,млн руб.
45,-1,34,40,6,Объем кредитов,Орловская область,В иностранной валюте,млн руб.
45,-1,40,40,6,Объем кредитов,Ярославская область,В иностранной валюте,млн руб.
45,-1,64,35,6,Объем кредитов,Северо-Кавказский федеральный округ,Всего,млн руб.
45,-1,60,36,6,Объем кредитов,Астраханская область,В рублях,млн руб.
45,-1,55,35,6,Объем кредитов,Южный федеральный округ,Всего,млн руб.
45,-1,61,35,6,Объем кредитов,Волгоградская область,Всего,млн руб.
45,-1,59,40,6,Объем кредитов,Краснодарский край,В иностранной валюте,млн руб.
45,-1,56,40,6,Объем кредитов,Республика Адыгея (Адыгея),В иностранной валюте,млн руб.
45,-1,50,40,6,Объем кредитов,Ленинградская область,В иностранной валюте,млн руб.
45,-1,58,35,6,Объем кредитов,Республика Крым,Всего,млн руб.
45,-1,57,36,6,Объем кредитов,Республика Калмыкия,В рублях,млн руб.
45,-1,54,36,6,Объем кредитов,г. Санкт-Петербург,В рублях,млн руб.
45,-1,53,40,6,Объем кредитов,Псковская область,В иностранной валюте,млн руб.
45,-1,63,36,6,Объем кредитов,г. Севастополь,В рублях,млн руб.
45,-1,80,40,6,Объем кредитов,Кировская область,В иностранной валюте,млн руб.
45,-1,74,40,6,Объем кредитов,Республика Марий Эл,В иностранной валюте,млн руб.
45,-1,85,35,6,Объем кредитов,Саратовская область,Всего,млн руб.
45,-1,78,36,6,Объем кредитов,Чувашская Республика - Чувашия,В рублях,млн руб.
45,-1,84,36,6,Объем кредитов,Самарская область,В рублях,млн руб.
45,-1,71,40,6,Объем кредитов,Ставропольский край,В иностранной валюте,млн руб.
45,-1,82,35,6,Объем кредитов,Оренбургская область,Всего,млн руб.
45,-1,79,35,6,Объем кредитов,Пермский край,Всего,млн руб.
45,-1,81,36,6,Объем кредитов,Нижегородская область,В рублях,млн руб.
45,-1,76,35,6,Объем кредитов,Республика Татарстан (Татарстан),Всего,млн руб.
45,-1,75,36,6,Объем кредитов,Республика Мордовия,В рублях,млн руб.
45,-1,77,40,6,Объем кредитов,Удмуртская Республика,В иностранной валюте,млн руб.
45,-1,99,40,6,Объем кредитов,Алтайский край,В иностранной валюте,млн руб.
45,-1,106,36,6,Объем кредитов,Дальневосточный федеральный округ,В рублях,млн руб.
45,-1,102,40,6,Объем кредитов,Кемеровская область - Кузбасс,В иностранной валюте,млн руб.
45,-1,105,40,6,Объем кредитов,Томская область,В иностранной валюте,млн руб.
45,-1,103,36,6,Объем кредитов,Новосибирская область,В рублях,млн руб.
45,-1,107,35,6,Объем кредитов,Республика Бурятия,Всего,млн руб.
45,-1,109,36,6,Объем кредитов,Забайкальский край,В рублях,млн руб.
45,-1,110,35,6,Объем кредитов,Камчатский край,Всего,млн руб.
45,-1,104,35,6,Объем кредитов,Омская область,Всего,млн руб.
45,-1,46,40,6,Объем кредитов,"Архангельская область, в том числе Ненецкий автономный округ",В иностранной валюте,млн руб.
45,-1,60,35,6,Объем кредитов,Астраханская область,Всего,млн руб.
45,-1,55,40,6,Объем кредитов,Южный федеральный округ,В иностранной валюте,млн руб.
45,-1,51,35,6,Объем кредитов,Мурманская область,Всего,млн руб.
45,-1,59,36,6,Объем кредитов,Краснодарский край,В рублях,млн руб.
45,-1,52,40,6,Объем кредитов,Новгородская область,В иностранной валюте,млн руб.
45,-1,50,36,6,Объем кредитов,Ленинградская область,В рублях,млн руб.
45,-1,56,36,6,Объем кредитов,Республика Адыгея (Адыгея),В рублях,млн руб.
45,-1,49,40,6,Объем кредитов,Калининградская область,В иностранной валюте,млн руб.
45,-1,57,35,6,Объем кредитов,Республика Калмыкия,Всего,млн руб.
45,-1,54,35,6,Объем кредитов,г. Санкт-Петербург,Всего,млн руб.
45,-1,53,36,6,Объем кредитов,Псковская область,В рублях,млн руб.
45,-1,87,36,6,Объем кредитов,Уральский федеральный округ,В рублях,млн руб.
45,-1,97,35,6,Объем кредитов,Республика Тыва,Всего,млн руб.
45,-1,83,40,6,Объем кредитов,Пензенская область,В иностранной валюте,млн руб.
45,-1,93,36,6,Объем кредитов,Тюменская область без данных по Ханты-Мансийскому автономному округу - Югре и Ямало-Ненецкому автономному округу,В рублях,млн руб.
45,-1,88,35,6,Объем кредитов,Курганская область,Всего,млн руб.
45,-1,89,40,6,Объем кредитов,Свердловская область,В иностранной валюте,млн руб.
45,-1,92,40,6,Объем кредитов,"Тюменская область, в том числе Ямало-Ненецкий автономный округ",В иностранной валюте,млн руб.
45,-1,94,35,6,Объем кредитов,Челябинская область,Всего,млн руб.
45,-1,96,36,6,Объем кредитов,Республика Алтай,В рублях,млн руб.
45,-1,91,35,6,Объем кредитов,"Тюменская область, в том числе Ханты-Мансийский автономный округ - Югра",Всего,млн руб.
45,-1,86,40,6,Объем кредитов,Ульяновская область,В иностранной валюте,млн руб.
45,-1,90,36,6,Объем кредитов,Тюменская область,В рублях,млн руб.
45,-1,61,36,6,Объем кредитов,Волгоградская область,В рублях,млн руб.
45,-1,60,40,6,Объем кредитов,Астраханская область,В иностранной валюте,млн руб.
45,-1,65,35,6,Объем кредитов,Республика Дагестан,Всего,млн руб.
45,-1,64,36,6,Объем кредитов,Северо-Кавказский федеральный округ,В рублях,млн руб.
45,-1,59,35,6,Объем кредитов,Краснодарский край,Всего,млн руб.
45,-1,58,36,6,Объем кредитов,Республика Крым,В рублях,млн руб.
45,-1,62,35,6,Объем кредитов,Ростовская область,Всего,млн руб.
45,-1,57,40,6,Объем кредитов,Республика Калмыкия,В иностранной валюте,млн руб.
45,-1,54,40,6,Объем кредитов,г. Санкт-Петербург,В иностранной валюте,млн руб.
45,-1,102,35,6,Объем кредитов,Кемеровская область - Кузбасс,Всего,млн руб.
45,-1,99,35,6,Объем кредитов,Алтайский край,Всего,млн руб.
45,-1,97,40,6,Объем кредитов,Республика Тыва,В иностранной валюте,млн руб.
45,-1,94,40,6,Объем кредитов,Челябинская область,В иностранной валюте,млн руб.
45,-1,101,36,6,Объем кредитов,Иркутская область,В рублях,млн руб.
45,-1,96,35,6,Объем кредитов,Республика Алтай,Всего,млн руб.
45,-1,105,35,6,Объем кредитов,Томская область,Всего,млн руб.
45,-1,104,36,6,Объем кредитов,Омская область,В рублях,млн руб.
45,-1,91,40,6,Объем кредитов,"Тюменская область, в том числе Ханты-Мансийский автономный округ - Югра",В иностранной валюте,млн руб.
45,-1,100,40,6,Объем кредитов,Красноярский край,В иностранной валюте,млн руб.
45,-1,95,36,6,Объем кредитов,Сибирский федеральный округ,В рублях,млн руб.
45,-1,98,36,6,Объем кредитов,Республика Хакасия,В рублях,млн руб.
45,-1,78,35,6,Объем кредитов,Чувашская Республика - Чувашия,Всего,млн руб.
45,-1,70,40,6,Объем кредитов,Чеченская Республика,В иностранной валюте,млн руб.
45,-1,74,36,6,Объем кредитов,Республика Марий Эл,В рублях,млн руб.
45,-1,73,40,6,Объем кредитов,Республика Башкортостан,В иностранной валюте,млн руб.
45,-1,67,40,6,Объем кредитов,Кабардино-Балкарская Республика,В иностранной валюте,млн руб.
45,-1,77,36,6,Объем кредитов,Удмуртская Республика,В рублях,млн руб.
45,-1,71,36,6,Объем кредитов,Ставропольский край,В рублях,млн руб.
45,-1,76,40,6,Объем кредитов,Республика Татарстан (Татарстан),В иностранной валюте,млн руб.
45,-1,81,35,6,Объем кредитов,Нижегородская область,Всего,млн руб.
45,-1,80,36,6,Объем кредитов,Кировская область,В рублях,млн руб.
45,-1,72,35,6,Объем кредитов,Приволжский федеральный округ,Всего,млн руб.
45,-1,75,35,6,Объем кредитов,Республика Мордовия,Всего,млн руб.
45,-1,42,36,6,Объем кредитов,Северо-Западный федеральный округ,В рублях,млн руб.
45,-1,52,35,6,Объем кредитов,Новгородская область,Всего,млн руб.
45,-1,46,35,6,Объем кредитов,"Архангельская область, в том числе Ненецкий автономный округ",Всего,млн руб.
45,-1,51,36,6,Объем кредитов,Мурманская область,В рублях,млн руб.
45,-1,41,40,6,Объем кредитов,г. Москва,В иностранной валюте,млн руб.
45,-1,47,40,6,Объем кредитов,Архангельская область без данных по Ненецкому автономному округу,В иностранной валюте,млн руб.
45,-1,38,40,6,Объем кредитов,Тверская область,В иностранной валюте,млн руб.
45,-1,44,40,6,Объем кредитов,Республика Коми,В иностранной валюте,млн руб.
45,-1,48,36,6,Объем кредитов,Вологодская область,В рублях,млн руб.
45,-1,45,36,6,Объем кредитов,Архангельская область,В рублях,млн руб.
45,-1,49,35,6,Объем кредитов,Калининградская область,Всего,млн руб.
45,-1,43,35,6,Объем кредитов,Республика Карелия,Всего,млн руб.
45,-1,38,35,6,Объем кредитов,Тверская область,Всего,млн руб.
45,-1,33,40,6,Объем кредитов,Московская область,В иностранной валюте,млн руб.
45,-1,37,36,6,Объем кредитов,Тамбовская область,В рублях,млн руб.
45,-1,41,35,6,Объем кредитов,г. Москва,Всего,млн руб.
45,-1,44,35,6,Объем кредитов,Республика Коми,Всего,млн руб.
45,-1,36,40,6,Объем кредитов,Смоленская область,В иностранной валюте,млн руб.
45,-1,39,40,6,Объем кредитов,Тульская область,В иностранной валюте,млн руб.
45,-1,35,35,6,Объем кредитов,Рязанская область,Всего,млн руб.
45,-1,34,36,6,Объем кредитов,Орловская область,В рублях,млн руб.
45,-1,43,36,6,Объем кредитов,Республика Карелия,В рублях,млн руб.
45,-1,30,40,6,Объем кредитов,Костромская область,В иностранной валюте,млн руб.
45,-1,40,36,6,Объем кредитов,Ярославская область,В рублях,млн руб.
45,-1,83,35,6,Объем кредитов,Пензенская область,Всего,млн руб.
45,-1,88,36,6,Объем кредитов,Курганская область,В рублях,млн руб.
45,-1,84,40,6,Объем кредитов,Самарская область,В иностранной валюте,млн руб.
45,-1,82,36,6,Объем кредитов,Оренбургская область,В рублях,млн руб.
45,-1,79,36,6,Объем кредитов,Пермский край,В рублях,млн руб.
45,-1,86,35,6,Объем кредитов,Ульяновская область,Всего,млн руб.
45,-1,81,40,6,Объем кредитов,Нижегородская область,В иностранной валюте,млн руб.
45,-1,80,35,6,Объем кредитов,Кировская область,Всего,млн руб.
45,-1,89,35,6,Объем кредитов,Свердловская область,Всего,млн руб.
45,-1,75,40,6,Объем кредитов,Республика Мордовия,В иностранной валюте,млн руб.
45,-1,85,36,6,Объем кредитов,Саратовская область,В рублях,млн руб.
45,-1,78,40,6,Объем кредитов,Чувашская Республика - Чувашия,В иностранной валюте,млн руб.
45,-1,111,40,6,Объем кредитов,Приморский край,В иностранной валюте,млн руб.
45,-1,117,40,6,Объем кредитов,Чукотский автономный округ,В иностранной валюте,млн руб.
45,-1,116,35,6,Объем кредитов,Еврейская автономная область,Всего,млн руб.
45,-1,115,36,6,Объем кредитов,Сахалинская область,В рублях,млн руб.
45,-1,114,40,6,Объем кредитов,Магаданская область,В иностранной валюте,млн руб.
45,-1,113,35,6,Объем кредитов,Амурская область,Всего,млн руб.
45,-1,112,36,6,Объем кредитов,Хабаровский край,В рублях,млн руб.
45,-1,108,40,6,Объем кредитов,Республика Саха (Якутия),В иностранной валюте,млн руб.
45,-1,32,40,6,Объем кредитов,Липецкая область,В иностранной валюте,млн руб.
45,-1,29,40,6,Объем кредитов,Калужская область,В иностранной валюте,млн руб.
45,-1,33,36,6,Объем кредитов,Московская область,В рублях,млн руб.
45,-1,37,35,6,Объем кредитов,Тамбовская область,Всего,млн руб.
45,-1,36,36,6,Объем кредитов,Смоленская область,В рублях,млн руб.
45,-1,35,40,6,Объем кредитов,Рязанская область,В иностранной валюте,млн руб.
45,-1,39,36,6,Объем кредитов,Тульская область,В рублях,млн руб.
45,-1,26,40,6,Объем кредитов,Владимирская область,В иностранной валюте,млн руб.
45,-1,34,35,6,Объем кредитов,Орловская область,Всего,млн руб.
45,-1,31,35,6,Объем кредитов,Курская область,Всего,млн руб.
45,-1,30,36,6,Объем кредитов,Костромская область,В рублях,млн руб.
45,-1,40,35,6,Объем кредитов,Ярославская область,Всего,млн руб.
45,-1,42,40,6,Объем кредитов,Северо-Западный федеральный округ,В иностранной валюте,млн руб.
45,-1,52,36,6,Объем кредитов,Новгородская область,В рублях,млн руб.
45,-1,55,36,6,Объем кредитов,Южный федеральный округ,В рублях,млн руб.
45,-1,46,36,6,Объем кредитов,"Архангельская область, в том числе Ненецкий автономный округ",В рублях,млн руб.
45,-1,51,40,6,Объем кредитов,Мурманская область,В иностранной валюте,млн руб.
45,-1,56,35,6,Объем кредитов,Республика Адыгея (Адыгея),Всего,млн руб.
45,-1,47,35,6,Объем кредитов,Архангельская область без данных по Ненецкому автономному округу,Всего,млн руб.
45,-1,50,35,6,Объем кредитов,Ленинградская область,Всего,млн руб.
45,-1,45,40,6,Объем кредитов,Архангельская область,В иностранной валюте,млн руб.
45,-1,48,40,6,Объем кредитов,Вологодская область,В иностранной валюте,млн руб.
45,-1,49,36,6,Объем кредитов,Калининградская область,В рублях,млн руб.
45,-1,53,35,6,Объем кредитов,Псковская область,Всего,млн руб.
45,-1,23,36,6,Объем кредитов,Центральный федеральный округ,В рублях,млн руб.
45,-1,24,35,6,Объем кредитов,Белгородская область,Всего,млн руб.
45,-1,110,36,6,Объем кредитов,Камчатский край,В рублях,млн руб.
45,-1,111,35,6,Объем кредитов,Приморский край,Всего,млн руб.
45,-1,106,40,6,Объем кредитов,Дальневосточный федеральный округ,В иностранной валюте,млн руб.
45,-1,103,40,6,Объем кредитов,Новосибирская область,В иностранной валюте,млн руб.
45,-1,108,35,6,Объем кредитов,Республика Саха (Якутия),Всего,млн руб.
45,-1,114,35,6,Объем кредитов,Магаданская область,Всего,млн руб.
45,-1,113,36,6,Объем кредитов,Амурская область,В рублях,млн руб.
45,-1,107,36,6,Объем кредитов,Республика Бурятия,В рублях,млн руб.
45,-1,109,40,6,Объем кредитов,Забайкальский край,В иностранной валюте,млн руб.
45,-1,65,40,6,Объем кредитов,Республика Дагестан,В иностранной валюте,млн руб.
45,-1,62,40,6,Объем кредитов,Ростовская область,В иностранной валюте,млн руб.
45,-1,70,35,6,Объем кредитов,Чеченская Республика,Всего,млн руб.
45,-1,69,36,6,Объем кредитов,Республика Северная Осетия - Алания,В рублях,млн руб.
45,-1,73,35,6,Объем кредитов,Республика Башкортостан,Всего,млн руб.
45,-1,67,35,6,Объем кредитов,Кабардино-Балкарская Республика,Всего,млн руб.
45,-1,66,36,6,Объем кредитов,Республика Ингушетия,В рублях,млн руб.
45,-1,72,36,6,Объем кредитов,Приволжский федеральный округ,В рублях,млн руб.
45,-1,68,40,6,Объем кредитов,Карачаево-Черкесская Республика,В иностранной валюте,млн руб.
45,-1,33,35,6,Объем кредитов,Московская область,Всего,млн руб.
45,-1,32,36,6,Объем кредитов,Липецкая область,В рублях,млн руб.
45,-1,29,36,6,Объем кредитов,Калужская область,В рублях,млн руб.
45,-1,28,40,6,Объем кредитов,Ивановская область,В иностранной валюте,млн руб.
45,-1,26,36,6,Объем кредитов,Владимирская область,В рублях,млн руб.
45,-1,27,35,6,Объем кредитов,Воронежская область,Всего,млн руб.
45,-1,35,36,6,Объем кредитов,Рязанская область,В рублях,млн руб.
45,-1,22,40,6,Объем кредитов,Российская Федерация,В иностранной валюте,млн руб.
45,-1,36,35,6,Объем кредитов,Смоленская область,Всего,млн руб.
45,-1,30,35,6,Объем кредитов,Костромская область,Всего,млн руб.
45,-1,31,40,6,Объем кредитов,Курская область,В иностранной валюте,млн руб.
45,-1,25,40,6,Объем кредитов,Брянская область,В иностранной валюте,млн руб.
